-- phpMyAdmin SQL Dump
-- version 4.0.4
-- http://www.phpmyadmin.net
--
-- Client: localhost
-- Généré le: Lun 15 Décembre 2014 à 15:08
-- Version du serveur: 5.6.12-log
-- Version de PHP: 5.4.12

SET SQL_MODE = "NO_AUTO_VALUE_ON_ZERO";
SET time_zone = "+00:00";


/*!40101 SET @OLD_CHARACTER_SET_CLIENT=@@CHARACTER_SET_CLIENT */;
/*!40101 SET @OLD_CHARACTER_SET_RESULTS=@@CHARACTER_SET_RESULTS */;
/*!40101 SET @OLD_COLLATION_CONNECTION=@@COLLATION_CONNECTION */;
/*!40101 SET NAMES utf8 */;

--
-- Base de données: `symfony`
--
CREATE DATABASE IF NOT EXISTS `symfony` DEFAULT CHARACTER SET latin1 COLLATE latin1_swedish_ci;
USE `symfony`;

DELIMITER $$
--
-- Procédures
--
CREATE DEFINER=`root`@`localhost` PROCEDURE `recommander_produits`(IN `id` INT, IN `debut` INT, IN `nombre` INT)
    READS SQL DATA
SELECT utilisateur_id, produit_id, score_u, score_p, (score_u*score_p) as score FROM
((SELECT DISTINCT u.utilisateur_a_id, u.utilisateur_b_id, u.score as score_u, p.utilisateur_id, p.produit_id, p.score as score_p FROM `profil_score_utilisateur` u JOIN profil_score_utilisateur_produit p ON u.utilisateur_a_id = p.utilisateur_id where u.utilisateur_b_id = id)

UNION

(SELECT DISTINCT u.utilisateur_a_id, u.utilisateur_b_id, u.score as score_u, p.utilisateur_id, p.produit_id, p.score as score_p FROM `profil_score_utilisateur` u JOIN profil_score_utilisateur_produit p ON u.utilisateur_b_id = p.utilisateur_id where u.utilisateur_a_id = id)) AS scoring ORDER BY score DESC, score_u DESC LIMIT debut,nombre$$

--
-- Fonctions
--
CREATE DEFINER=`root`@`localhost` FUNCTION `getDepartementUtilisateur`(`id` INT) RETURNS varchar(100) CHARSET utf8
    READS SQL DATA
return (select departement from ip JOIN utilisateur ON utilisateur.ip_id = ip.id WHERE utilisateur.id = id)$$

CREATE DEFINER=`root`@`localhost` FUNCTION `getMotProduitScoreDenominateur`(`poids_mot` INT, `coeff_k1` DECIMAL, `coeff_b` DECIMAL, `nombre_mot_produit` INT, `mot_par_produit` INT) RETURNS decimal(10,2)
    READS SQL DATA
return (poids_mot * (coeff_k1 * (1 - coeff_b + (coeff_b * nombre_mot_produit / mot_par_produit))))$$

CREATE DEFINER=`root`@`localhost` FUNCTION `getMotProduitScoreIDF`(`mot` INT) RETURNS decimal(10,2)
    READS SQL DATA
return (LOG(getNombreProduits()/getNombreProduitContenantMot(mot)))$$

CREATE DEFINER=`root`@`localhost` FUNCTION `getMotProduitScoreNumerateur`(`poids_mot` INT, `coeff_k1` DECIMAL) RETURNS decimal(10,2)
    NO SQL
return (poids_mot * (coeff_k1+1))$$

CREATE DEFINER=`root`@`localhost` FUNCTION `getNombreMotParProduit`() RETURNS int(11)
    READS SQL DATA
return (select count(*) from mot)/(select count(*)from produit)$$

CREATE DEFINER=`root`@`localhost` FUNCTION `getNombrePoidsDuProduit`(`produit` INT) RETURNS int(11)
    READS SQL DATA
return (select sum(poids) from produit_mot_poids where produit_id = produit)$$

CREATE DEFINER=`root`@`localhost` FUNCTION `getNombreProduitContenantMot`(`mot` INT) RETURNS int(11)
    READS SQL DATA
return (select count(*) from produit_mot_poids where mot_id = mot)$$

CREATE DEFINER=`root`@`localhost` FUNCTION `getNombreProduits`() RETURNS int(11)
    READS SQL DATA
return (select count(*) from produit)$$

CREATE DEFINER=`root`@`localhost` FUNCTION `getPaysUtilisateur`(`id` INT) RETURNS varchar(100) CHARSET utf8
    READS SQL DATA
return (select pays from ip JOIN utilisateur ON utilisateur.ip_id = ip.id WHERE utilisateur.id = id)$$

CREATE DEFINER=`root`@`localhost` FUNCTION `getVilleUtilisateur`(`id` INT) RETURNS varchar(100) CHARSET latin1
    READS SQL DATA
return (select ip.ville from ip JOIN utilisateur ON utilisateur.ip_id = ip.id WHERE utilisateur.id = id)$$

CREATE DEFINER=`root`@`localhost` FUNCTION `score_age_utilisateurs`(`id_1` INT, `id_2` INT) RETURNS int(11)
    READS SQL DATA
return SQRT(
        	ABS(
                80-ABS(
                    (select age from utilisateur where id = id_1)
                    -
                    (select age from utilisateur where id = id_2)
                )
        	)
    	) / 3$$

CREATE DEFINER=`root`@`localhost` FUNCTION `score_ip_utilisateurs`(`id_1` INT, `id_2` INT) RETURNS int(11)
    READS SQL DATA
return (SELECT IF( getPaysUtilisateur( id_1 ) = getPaysUtilisateur( id_2 ) , 1, 0 ) + IF( getDepartementUtilisateur( id_1 ) = getDepartementUtilisateur( id_2 ) , 1, 0 ) + IF( getVilleUtilisateur( id_1 ) = getVilleUtilisateur( id_2 ) , 1, 0 ))$$

CREATE DEFINER=`root`@`localhost` FUNCTION `score_mot_produit`(`poids_mot` INT, `produit` INT, `coeff_k1` DECIMAL, `coeff_b` DECIMAL, `mot` INT) RETURNS decimal(10,2)
    READS SQL DATA
return (
    getMotProduitScoreNumerateur(
        poids_mot,
        coeff_k1)
    /
    getMotProduitScoreDenominateur(
        poids_mot,
        coeff_k1,
        coeff_b,
        getNombrePoidsDuProduit(produit),
        getNombreMotParProduit())
    *
    getMotProduitScoreIDF(mot)
)$$

DELIMITER ;

-- --------------------------------------------------------

--
-- Structure de la table `interet`
--

CREATE TABLE IF NOT EXISTS `interet` (
  `id` int(11) NOT NULL AUTO_INCREMENT,
  `nom` varchar(100) DEFAULT NULL,
  PRIMARY KEY (`id`)
) ENGINE=InnoDB  DEFAULT CHARSET=utf8 AUTO_INCREMENT=6 ;

--
-- Contenu de la table `interet`
--

INSERT INTO `interet` (`id`, `nom`) VALUES
(1, 'sport'),
(2, 'tennis'),
(3, 'politique'),
(4, 'cinema'),
(5, 'theatre');

-- --------------------------------------------------------

--
-- Structure de la table `ip`
--

CREATE TABLE IF NOT EXISTS `ip` (
  `id` int(11) NOT NULL AUTO_INCREMENT,
  `pays` varchar(100) DEFAULT NULL,
  `departement` varchar(100) DEFAULT NULL,
  `ville` varchar(100) DEFAULT NULL,
  PRIMARY KEY (`id`)
) ENGINE=InnoDB  DEFAULT CHARSET=utf8 AUTO_INCREMENT=127 ;

--
-- Contenu de la table `ip`
--

INSERT INTO `ip` (`id`, `pays`, `departement`, `ville`) VALUES
(1, 'CN - China', 'Beijing', 'Beijing'),
(2, 'US - United States', 'North Carolina', 'Durham'),
(3, 'FR - France', NULL, NULL),
(4, 'US - United States', 'Ohio', 'Columbus'),
(5, 'US - United States', 'Oregon', 'Eugene'),
(6, 'FR - France', 'Champagne-Ardenne', 'Reims'),
(7, 'US - United States', 'Massachusetts', 'Cambridge'),
(8, NULL, NULL, NULL),
(9, 'US - United States', 'Georgia', 'Leesburg'),
(10, 'DK - Denmark', NULL, NULL),
(11, 'US - United States', 'New York', 'Buffalo'),
(12, 'GB - United Kingdom', 'Gloucestershire', 'Teddington'),
(13, 'DK - Denmark', 'Hovedstaden', 'Copenhagen'),
(14, 'US - United States', NULL, NULL),
(15, 'KR - Korea, Republic of', NULL, NULL),
(16, 'US - United States', 'Missouri', 'Chesterfield'),
(17, 'FR - France', NULL, NULL),
(18, 'CN - China', 'Hebei', 'Hebei'),
(19, 'CN - China', 'Hainan', 'Haikou'),
(20, 'US - United States', 'California', 'Palo Alto'),
(21, 'RU - Russian Federation', 'Tyumen''', 'Tyumen'),
(22, 'US - United States', NULL, NULL),
(23, 'BD - Bangladesh', NULL, NULL),
(24, 'US - United States', NULL, NULL),
(25, 'US - United States', NULL, NULL),
(26, 'RO - Romania', NULL, NULL),
(27, 'US - United States', 'Ohio', 'Columbus'),
(28, 'US - United States', 'Virginia', 'Falls Church'),
(29, 'US - United States', 'North Carolina', 'Durham'),
(30, 'US - United States', 'North Carolina', 'Raleigh'),
(31, 'US - United States', NULL, NULL),
(32, 'US - United States', 'Ohio', 'Columbus'),
(33, 'GB - United Kingdom', 'Plymouth', 'Plymouth'),
(34, 'FR - France', 'Ile-de-France', 'Paris'),
(35, 'US - United States', 'Massachusetts', 'Westfield'),
(36, 'US - United States', 'Michigan', 'Taylor'),
(37, 'TR - Turkey', 'Ankara', 'Ankara'),
(38, 'DK - Denmark', NULL, NULL),
(39, 'CN - China', 'Beijing', 'Beijing'),
(40, 'IL - Israel', NULL, NULL),
(41, 'DE - Germany', 'Sachsen', 'Rothenburg'),
(42, 'US - United States', 'Ohio', 'Columbus'),
(43, 'CH - Switzerland', 'Aargau', 'Gebenstorf'),
(44, 'JP - Japan', NULL, NULL),
(45, 'AU - Australia', NULL, NULL),
(46, 'JP - Japan', NULL, NULL),
(47, 'US - United States', NULL, NULL),
(48, 'US - United States', 'Ohio', 'Columbus'),
(49, 'CN - China', 'Fujian', 'Fuzhou'),
(50, 'US - United States', 'New York', 'Melville'),
(51, 'AU - Australia', NULL, NULL),
(52, 'NL - Netherlands', NULL, NULL),
(53, 'GB - United Kingdom', NULL, NULL),
(54, 'US - United States', NULL, NULL),
(55, 'US - United States', NULL, NULL),
(56, 'GB - United Kingdom', NULL, NULL),
(57, 'US - United States', 'Texas', 'Houston'),
(58, 'BR - Brazil', NULL, NULL),
(59, 'US - United States', 'Texas', 'Dallas'),
(60, 'US - United States', 'Ohio', 'Columbus'),
(61, 'US - United States', NULL, NULL),
(62, 'UA - Ukraine', NULL, NULL),
(63, 'US - United States', NULL, NULL),
(64, 'GB - United Kingdom', NULL, NULL),
(65, 'US - United States', NULL, NULL),
(66, 'US - United States', 'Virginia', 'Reston'),
(67, 'BR - Brazil', NULL, NULL),
(68, 'CH - Switzerland', 'Basel-Stadt', 'Basel'),
(69, 'VN - Vietnam', 'Dac Lac', 'Hanoi'),
(70, 'US - United States', 'Ohio', 'Columbus'),
(71, 'CN - China', NULL, NULL),
(72, 'US - United States', 'Maryland', 'Baltimore'),
(73, 'JP - Japan', 'Tokyo', 'Tokyo'),
(74, 'KZ - Kazakstan', NULL, NULL),
(75, 'US - United States', 'Ohio', 'Columbus'),
(76, 'MX - Mexico', NULL, NULL),
(77, 'US - United States', 'New York', 'New York'),
(78, 'BR - Brazil', NULL, NULL),
(79, 'US - United States', 'Washington', 'Olympia'),
(80, 'EG - Egypt', 'Al Qahirah', 'Misr'),
(81, 'CA - Canada', 'Ontario', 'Ottawa'),
(82, 'KR - Korea, Republic of', NULL, NULL),
(83, 'CN - China', 'Heilongjiang', 'Harbin'),
(84, 'ZA - South Africa', NULL, NULL),
(85, 'US - United States', 'Ohio', 'Sidney'),
(86, 'RU - Russian Federation', NULL, NULL),
(87, 'US - United States', NULL, NULL),
(88, 'CN - China', 'Guangdong', 'Guangzhou'),
(89, 'RW - Rwanda', NULL, NULL),
(90, 'US - United States', 'Michigan', 'Detroit'),
(91, 'HK - Hong Kong', NULL, NULL),
(92, 'US - United States', NULL, NULL),
(93, 'CN - China', 'Shandong', 'Jinan'),
(94, 'GB - United Kingdom', NULL, NULL),
(95, 'RU - Russian Federation', 'Karelia', 'Kostomuksha'),
(96, 'US - United States', 'New York', 'New York'),
(97, 'US - United States', NULL, NULL),
(98, 'US - United States', 'New Jersey', 'Newark'),
(99, 'CN - China', 'Beijing', 'Beijing'),
(100, 'DE - Germany', 'Niedersachsen', 'Oldenburg'),
(101, 'US - United States', 'Ohio', 'Cincinnati'),
(102, 'US - United States', 'New Jersey', 'Middletown'),
(103, 'US - United States', NULL, NULL),
(104, 'US - United States', NULL, NULL),
(105, 'AU - Australia', 'Western Australia', 'Perth'),
(106, 'US - United States', 'Alabama', 'Montgomery'),
(107, 'MA - Morocco', NULL, NULL),
(108, 'US - United States', 'Louisiana', 'New Orleans'),
(109, 'US - United States', 'Ohio', 'Columbus'),
(110, 'PL - Poland', 'Malopolskie', 'Lapczyca'),
(111, 'TW - Taiwan', 'T''ai-pei', 'Taipei'),
(112, 'JP - Japan', 'Kanagawa', 'Yokohama'),
(113, 'JP - Japan', NULL, NULL),
(114, 'JP - Japan', NULL, NULL),
(115, 'AO - Angola', NULL, NULL),
(116, 'VN - Vietnam', 'Dac Lac', 'Hanoi'),
(117, 'CN - China', NULL, NULL),
(118, 'US - United States', 'Arizona', 'Fort Huachuca'),
(119, 'CN - China', 'Guangdong', 'Guangzhou'),
(120, 'RO - Romania', 'Neamt', 'Stefan Cel Mare'),
(121, 'US - United States', 'Ohio', 'Columbus'),
(122, 'MX - Mexico', NULL, NULL),
(123, 'EG - Egypt', 'Al Qahirah', 'Misr'),
(124, 'US - United States', NULL, NULL),
(125, 'NL - Netherlands', 'Noord-Holland', 'Amsterdam'),
(126, 'BR - Brazil', NULL, NULL);

-- --------------------------------------------------------

--
-- Structure de la table `mot`
--

CREATE TABLE IF NOT EXISTS `mot` (
  `id` int(11) NOT NULL AUTO_INCREMENT,
  `mot` varchar(30) DEFAULT NULL,
  PRIMARY KEY (`id`),
  UNIQUE KEY `mot_U_1` (`mot`)
) ENGINE=InnoDB  DEFAULT CHARSET=utf8 AUTO_INCREMENT=1344 ;

--
-- Contenu de la table `mot`
--

INSERT INTO `mot` (`id`, `mot`) VALUES
(219, '% sur'),
(211, '&#171'),
(212, '&#187'),
(962, '2011'),
(963, '2012'),
(410, '2013'),
(1009, '2014'),
(25, '2015'),
(553, '2016'),
(830, '2160'),
(831, '3840'),
(91, '511ème'),
(179, '720p'),
(832, ': amazon'),
(39, 'abandonnant'),
(40, 'abonder'),
(797, 'abonnement'),
(1044, 'abonner'),
(414, 'abordé'),
(838, 'absence'),
(186, 'accès'),
(1208, 'accession'),
(1291, 'accompagné'),
(471, 'accord'),
(220, 'achat'),
(1045, 'acheter'),
(728, 'acquérir'),
(41, 'acteurs'),
(136, 'action'),
(1209, 'activer'),
(146, 'actualité'),
(569, 'adaptation'),
(839, 'adapté'),
(1205, 'administratif'),
(513, 'adopté'),
(1141, 'adopter'),
(1183, 'advanced'),
(506, 'aede'),
(415, 'affronte'),
(182, 'afin'),
(621, 'agit'),
(226, 'agitation'),
(147, 'agitées'),
(1185, 'agrégation'),
(570, 'ailleurs'),
(1142, 'aimeraient'),
(1041, 'ainsi'),
(840, 'aisé'),
(269, 'alimenté'),
(841, 'allaient'),
(1143, 'aller'),
(260, 'alors'),
(571, 'alors '),
(472, 'amateurs'),
(824, 'amazon'),
(345, 'amende'),
(514, 'américain'),
(925, 'amiibo'),
(772, 'amnesty'),
(1037, 'anciens'),
(612, 'android'),
(572, 'animées'),
(474, 'année'),
(1020, 'années'),
(473, 'annonçait'),
(270, 'annonce'),
(842, 'annoncer'),
(551, 'annonces'),
(798, 'annonce qu'),
(916, 'antivirus'),
(1144, 'apparente cependant'),
(1071, 'appartenant'),
(1145, 'appelé'),
(42, 'applaudie'),
(990, 'apple'),
(788, 'application'),
(1046, 'applications'),
(1246, 'apposent'),
(227, 'approchent'),
(261, 'après'),
(652, 'arcep'),
(573, 'armées'),
(1321, 'arrivée'),
(574, 'arriver'),
(932, 'arrivés'),
(886, 'artistes'),
(613, 'assassin'),
(187, 'associé'),
(262, 'atlantique'),
(1292, 'attaque'),
(43, 'atteignent'),
(663, 'atteindre'),
(789, 'attendre'),
(475, 'attente'),
(664, 'attention'),
(461, 'atterrira'),
(991, 'augmenté'),
(964, 'aujourd'),
(775, 'aujourd’hui'),
(1047, 'auparavant'),
(271, 'aura'),
(1072, 'aussi inaccessibles'),
(148, 'autour'),
(1210, 'autrefois'),
(416, 'avaler'),
(507, 'avec'),
(575, 'avec '),
(6, 'aventure'),
(665, 'avions'),
(1121, 'avril'),
(1242, 'axelle'),
(44, 'ayants'),
(546, 'ball'),
(547, 'bandes'),
(1322, 'baptisée'),
(554, 'barcelone'),
(576, 'baroud'),
(417, 'barouder'),
(134, 'bastien'),
(577, 'bataille'),
(717, 'berne'),
(969, 'bêta'),
(188, 'biais'),
(418, 'bien'),
(666, 'bilan'),
(1013, 'bing'),
(876, 'bittorrent'),
(419, 'bitume'),
(881, 'bleep'),
(149, 'blocage'),
(228, 'bonne'),
(213, 'bons'),
(420, 'bord'),
(1211, 'boucle'),
(622, 'bousculé'),
(421, 'bout'),
(1179, 'bouygues'),
(930, 'bowser à'),
(31, 'bruxelles'),
(887, 'bundles'),
(515, 'cadrans'),
(776, 'cadre'),
(346, 'caillassé'),
(45, 'caisses'),
(1212, 'calendrier'),
(411, 'californie'),
(347, 'caméra'),
(348, 'caméras'),
(1122, 'campagne'),
(1042, 'canard'),
(508, 'canon'),
(229, 'catalogue'),
(917, 'causant'),
(349, 'cause'),
(183, 'cela'),
(1075, 'célèbre'),
(993, 'célébrités'),
(339, 'cependant'),
(799, 'certaines'),
(150, 'certains'),
(912, 'certificat'),
(918, 'certificats'),
(32, 'cette'),
(189, 'chaînes'),
(800, 'chamboulant'),
(790, 'chamboule'),
(350, 'champ'),
(801, 'changement'),
(1097, 'chantier'),
(476, 'chemins'),
(888, 'cherche'),
(555, 'children'),
(252, 'chloe'),
(272, 'choisi'),
(1136, 'choisir'),
(667, 'chose'),
(1146, 'citoyens'),
(151, 'civile'),
(337, 'cjue'),
(1323, 'clause'),
(98, 'clic'),
(843, 'clients'),
(338, 'cnil'),
(729, 'codage'),
(720, 'code'),
(730, 'collège'),
(273, 'combat'),
(1147, 'combattant'),
(96, 'comme'),
(422, 'commencent'),
(221, 'commerce'),
(668, 'commerciale'),
(1014, 'comme '),
(731, 'commun'),
(516, 'compensation'),
(46, 'compenser'),
(732, 'compétences'),
(305, 'comportement'),
(844, 'compris'),
(578, 'compte'),
(992, 'comptes'),
(623, 'concentrer'),
(1186, 'concernant'),
(933, 'concurrence'),
(669, 'condition'),
(777, 'conférence'),
(889, 'confirmé'),
(1324, 'confirmés'),
(1048, 'confrères'),
(1247, 'confronté'),
(733, 'connaissances'),
(1073, 'connaître'),
(845, 'connexion'),
(477, 'connue'),
(1074, 'connus'),
(725, 'conseil'),
(351, 'consentement'),
(970, 'consoles'),
(47, 'consommateurs'),
(934, 'constructeur'),
(734, 'consultation'),
(306, 'contenu'),
(190, 'contenus'),
(624, 'contraire'),
(332, 'contrarie'),
(1092, 'contre'),
(27, 'copie'),
(1284, 'corée'),
(935, 'cosmétique'),
(230, 'côté'),
(625, 'côtés'),
(423, 'côté '),
(274, 'couler'),
(971, 'coup'),
(48, 'couper'),
(340, 'cour'),
(670, 'couverture'),
(890, 'créateurs'),
(614, 'creed'),
(615, 'crétins'),
(406, 'crew'),
(1213, 'critiques :'),
(408, 'cro'),
(1308, 'croft'),
(1312, 'crystal'),
(735, 'culture'),
(1098, 'culturelles'),
(556, 'cumberbatch'),
(1099, 'curieusement'),
(736, 'c’est'),
(184, 'dailymotion'),
(1243, 'daniel'),
(791, 'dans'),
(557, 'darkness'),
(478, 'date'),
(1248, 'davantage'),
(177, 'david'),
(181, 'débarque'),
(975, 'débarquer'),
(654, 'débit'),
(673, 'débits'),
(937, 'débloquer'),
(1076, 'déboires'),
(354, 'débordait'),
(580, 'début'),
(1101, 'débuter'),
(520, 'décembre'),
(878, 'décentralisé'),
(894, 'décentralisée'),
(50, 'décidé'),
(51, 'décision'),
(740, 'déclaré'),
(102, 'découvrir'),
(1214, 'décret'),
(1051, 'dédiées'),
(192, 'dédiés'),
(787, 'deezer'),
(848, 'définition'),
(1150, 'définitivement'),
(994, 'délicat'),
(307, 'demander'),
(938, 'démarquer'),
(972, 'demi'),
(234, 'déniché'),
(995, 'dénudées'),
(1189, 'dépassé'),
(674, 'déploiement'),
(833, 'depuis'),
(1250, 'député'),
(1251, 'députés'),
(1326, 'dérivé'),
(231, 'dernier'),
(232, 'dernière'),
(99, 'derniers'),
(913, 'dérobé'),
(802, 'design'),
(193, 'désormais'),
(909, 'destover'),
(1187, 'des trajets'),
(675, 'détaillé'),
(275, 'développement'),
(277, 'dévoilé'),
(276, 'dévoiler'),
(517, 'devrait'),
(737, 'devront'),
(1188, 'de se'),
(509, 'diarios'),
(1249, 'difficile'),
(936, 'difficiles'),
(919, 'difficultés'),
(1123, 'diffuser'),
(191, 'diffusion'),
(33, 'digitaleurope'),
(92, 'dimanche'),
(100, 'dimanches'),
(738, 'dire'),
(152, 'direct'),
(101, 'directement'),
(671, 'directe '),
(263, 'director'),
(891, 'discrète'),
(256, 'disponible'),
(1049, 'disponibles'),
(846, 'disposer'),
(1148, 'dispositif'),
(352, 'disque'),
(1325, 'distinguant'),
(480, 'distribuée'),
(892, 'distribuées'),
(479, 'distribuer'),
(672, 'distribution'),
(1050, 'distribution numérique'),
(518, 'dite'),
(1149, 'dits'),
(893, 'diversifier'),
(739, 'divisés'),
(558, 'doctor'),
(1100, 'document'),
(579, 'documentaire'),
(847, 'doigts'),
(973, 'dollars'),
(481, 'domaine'),
(920, 'données'),
(974, 'double'),
(519, 'douche'),
(353, 'douloureux'),
(137, 'doute'),
(1021, 'douze'),
(463, 'dovetail'),
(548, 'dragon'),
(49, 'droit'),
(233, 'droite'),
(464, 'durant'),
(803, 'du lecteur'),
(1313, 'dynamics'),
(1293, 'd’aller'),
(1117, 'd’android'),
(1102, 'd’apporter'),
(676, 'd’appréciation'),
(521, 'd’auteur'),
(1077, 'd’autres'),
(355, 'd’avoir'),
(1252, 'd’État'),
(522, 'd’exiger'),
(356, 'd’identifier'),
(1151, 'd’initiative'),
(357, 'd’un'),
(523, 'd’une'),
(1215, 'd’urgence'),
(996, 'd’utilisation'),
(7, 'ecrit'),
(1280, 'écrite'),
(1342, 'éditeur'),
(328, 'éditeurs'),
(95, 'édition'),
(510, 'editores'),
(768, 'edward'),
(153, 'effectuée'),
(154, 'effet'),
(358, 'effets'),
(939, 'effigie'),
(359, 'efforts'),
(785, 'également'),
(1140, 'électeurs'),
(18, 'élégant'),
(716, 'éléments'),
(1089, 'éléments de'),
(765, 'élèves'),
(875, 'éligible'),
(302, 'elle'),
(677, 'elle '),
(278, 'encre'),
(741, 'enfants'),
(678, 'engagée'),
(1314, 'enix'),
(103, 'ensemble'),
(104, 'ensuite'),
(1216, 'entend'),
(1285, 'entertainment'),
(424, 'entier'),
(940, 'entraineuse'),
(679, 'entrée'),
(976, 'enviables'),
(1217, 'envisage'),
(786, 'épargnée'),
(1343, 'épisode'),
(1038, 'epresse'),
(1008, 'équilibrage'),
(131, 'équipe'),
(425, 'espaces'),
(500, 'espagne'),
(511, 'españoles '),
(1103, 'esquisse'),
(680, 'estimer'),
(404, 'étaient'),
(294, 'était'),
(659, 'état'),
(259, 'États'),
(606, 'êtes'),
(405, 'être'),
(329, 'étude'),
(333, 'européenne'),
(681, 'européens'),
(849, 'euros'),
(250, 'évidemment'),
(1066, 'éviter'),
(330, 'évoquait'),
(360, 'examinés'),
(1327, 'exclusivité'),
(850, 'exemple'),
(1022, 'exercice'),
(341, 'explication'),
(1078, 'explique'),
(1104, 'exposé'),
(626, 'exposées'),
(524, 'extrait'),
(194, 'extraits'),
(1069, 'eztv'),
(851, 'fabricants'),
(3, 'fabuleux'),
(1010, 'facebook'),
(1253, 'facile'),
(627, 'facilement'),
(997, 'facilité'),
(1052, 'façon'),
(525, 'faire'),
(682, 'faisait'),
(1218, 'faisant'),
(257, 'fait'),
(683, 'faite'),
(361, 'faits'),
(742, 'fallait'),
(1190, 'faudra'),
(362, 'faute'),
(363, 'fenêtres'),
(504, 'ferme'),
(526, 'fermer'),
(1067, 'fermeture'),
(235, 'fêtes'),
(1206, 'février'),
(895, 'fichiers'),
(581, 'fiction'),
(264, 'fighter'),
(927, 'figurines'),
(1281, 'film'),
(364, 'filmées'),
(1079, 'films'),
(961, 'finale'),
(365, 'finalement'),
(527, 'financière'),
(52, 'finlandaise'),
(26, 'finlande'),
(53, 'fiscaliser'),
(28, 'fiscalisera'),
(1090, 'fleur'),
(426, 'fleurait'),
(458, 'flight'),
(896, 'flou'),
(792, 'flow'),
(366, 'flux'),
(155, 'fois'),
(1053, 'fonctionnalités'),
(628, 'fonctionner'),
(778, 'fondamentale'),
(743, 'fondamentaux'),
(54, 'fonds'),
(482, 'fondus'),
(105, 'font'),
(582, 'football'),
(804, 'forfaits'),
(1080, 'forums'),
(334, 'française'),
(34, 'france'),
(483, 'franchise'),
(941, 'franchises de'),
(629, 'franchises qui'),
(279, 'franchise '),
(726, 'françois'),
(825, 'fransat'),
(528, 'froide'),
(559, 'fukkatsu'),
(1081, 'galion'),
(265, 'game'),
(465, 'games'),
(852, 'gamme'),
(1282, 'garde'),
(132, 'gavois'),
(1015, 'gayet'),
(530, 'géant'),
(14, 'gendarme'),
(560, 'genisys'),
(853, 'genre'),
(1286, 'github'),
(466, 'gold'),
(1244, 'goldberg'),
(529, 'gommés'),
(501, 'google'),
(1105, 'gouvernement'),
(484, 'grâce'),
(236, 'grain'),
(1219, 'grand'),
(156, 'grande'),
(55, 'grands'),
(56, 'grevant'),
(1124, 'grill'),
(630, 'gros'),
(1315, 'guardian'),
(1287, 'guardians'),
(1093, 'guerre'),
(266, 'harada'),
(1035, 'hardware'),
(412, 'hasard'),
(655, 'haut'),
(157, 'hébergés'),
(35, 'henna'),
(766, 'hermann'),
(607, 'heroes'),
(584, 'héros'),
(106, 'hésitez'),
(773, 'hier'),
(549, 'hobbit'),
(727, 'hollande'),
(583, 'honneur'),
(251, 'hottot'),
(485, 'huit ans'),
(1043, 'humanoïde'),
(1152, 'hypothèse'),
(987, 'icloud'),
(297, 'idéal'),
(93, 'idiots'),
(427, 'ils sont'),
(1023, 'importants'),
(138, 'inaccessible'),
(1254, 'inappropriée'),
(1255, 'inappropriés'),
(585, 'incarnera le'),
(1220, 'incitant'),
(942, 'indéboulonnable mario'),
(684, 'indique'),
(158, 'indiquions'),
(1118, 'indiscrétions'),
(1106, 'industries'),
(367, 'infligé'),
(298, 'info'),
(1221, 'informations'),
(744, 'informatique'),
(1126, 'informer'),
(660, 'initialement'),
(214, 'inpact'),
(107, 'insolites'),
(368, 'installé'),
(1127, 'installées'),
(159, 'instance'),
(160, 'instance de'),
(1191, 'instant'),
(897, 'instantanée'),
(531, 'instauration'),
(943, 'intention'),
(805, 'interaction'),
(1128, 'intéressante'),
(586, 'intéresser'),
(57, 'intérêts'),
(806, 'interface'),
(774, 'international'),
(308, 'internautes'),
(512, 'internet'),
(779, 'intervenu'),
(1288, 'interview'),
(561, 'into'),
(807, 'introduites'),
(1192, 'inverse'),
(1125, 'iphone'),
(1328, 'isométrique'),
(1070, 'istole'),
(15, 'jacques'),
(1153, 'jamais'),
(29, 'janvier'),
(16, 'jean'),
(1256, 'jeune'),
(486, 'jeux'),
(977, 'jouer'),
(808, 'jour'),
(998, 'journaliste'),
(108, 'jours'),
(745, 'juin'),
(1016, 'julie'),
(746, 'jusqu’au'),
(342, 'justice'),
(267, 'katsuhiro'),
(1, 'kevin'),
(1154, 'laisse'),
(1329, 'lançait'),
(854, 'lancé'),
(428, 'lancement'),
(631, 'lancements'),
(828, 'lancent'),
(237, 'lancer'),
(616, 'lapins'),
(1309, 'lara'),
(222, 'ldlc'),
(1054, 'lecteurs'),
(178, 'legrand'),
(1245, 'lemaire'),
(944, 'levait'),
(1155, 'le décret'),
(1039, 'libère'),
(632, 'licences'),
(88, 'lidd'),
(161, 'lien'),
(94, 'liens'),
(656, 'lieux'),
(1316, 'light'),
(162, 'ligne'),
(685, 'lignes'),
(587, 'ligne '),
(309, 'limite'),
(747, 'lister'),
(429, 'livrent'),
(369, 'locale'),
(163, 'locaux'),
(780, 'logique'),
(223, 'logitech'),
(1241, 'logos'),
(1294, 'loin'),
(1184, 'londres'),
(809, 'longtemps'),
(487, 'longue'),
(253, 'lucky'),
(999, 'lumière'),
(1129, 'lundi'),
(89, 'l’&#233'),
(1107, 'l’agenda'),
(1156, 'l’année'),
(1222, 'l’apologie'),
(719, 'l’apprentissage'),
(343, 'l’arrêt'),
(748, 'l’école'),
(722, 'l’Éducation'),
(1258, 'l’élu'),
(1157, 'l’ensemble'),
(781, 'l’erreur'),
(58, 'l’espagne'),
(1158, 'l’espoir'),
(59, 'l’eurodéputée'),
(60, 'l’exception'),
(372, 'l’important'),
(1223, 'l’information '),
(1119, 'l’inria'),
(373, 'l’installation'),
(370, 'l’intérieur'),
(686, 'l’introduction'),
(1257, 'l’inviter'),
(1224, 'l’occasion'),
(1068, 'l’origine'),
(721, 'l’unanimité'),
(1225, 'l’une'),
(371, 'l’union'),
(1000, 'l’utilisateur'),
(877, 'maelstrom'),
(633, 'magasin'),
(1055, 'magazines'),
(608, 'magic'),
(1130, 'mains'),
(109, 'maintenant'),
(142, 'mais'),
(374, 'maison'),
(855, 'mais du'),
(1259, 'majorité'),
(978, 'malgré'),
(914, 'malware'),
(1180, 'manche'),
(898, 'manière'),
(23, 'marc'),
(1024, 'marquants'),
(945, 'marque'),
(1094, 'masse'),
(2, 'masseix'),
(430, 'massivement'),
(224, 'materiel'),
(376, 'matière'),
(375, 'matin'),
(661, 'mb/s'),
(280, 'médiatique'),
(110, 'meilleurs'),
(8, 'meme'),
(1295, 'menacé'),
(310, 'menée'),
(61, 'mercredi'),
(1001, 'mésaventure'),
(1296, 'message'),
(899, 'messagerie'),
(562, 'messi'),
(1260, 'mesure'),
(1108, 'mesures'),
(856, 'mettent'),
(687, 'mettre'),
(431, 'micro'),
(467, 'microsoft'),
(609, 'might'),
(979, 'milliards'),
(957, 'minecraft'),
(377, 'ministère'),
(1226, 'ministre'),
(164, 'miroirs'),
(195, 'mise'),
(588, 'mises'),
(311, 'mobile'),
(1159, 'modalités'),
(857, 'modèles'),
(62, 'moindre'),
(634, 'mois'),
(958, 'mojang'),
(432, 'monde'),
(900, 'monétiser'),
(1131, 'montée'),
(749, 'montrent'),
(303, 'mozoo'),
(433, 'multijoueur'),
(196, 'multiplient'),
(1082, 'musique'),
(1109, 'mutation'),
(723, 'nationale'),
(879, 'navigateur'),
(810, 'navigation'),
(636, 'néanmoins'),
(283, 'négatives outre'),
(1025, 'neiges'),
(834, 'netflix'),
(63, 'nettement'),
(502, 'news'),
(215, 'next'),
(926, 'nintendo'),
(811, 'niveau'),
(1227, 'nombre'),
(238, 'nombreuses'),
(434, 'nombreux'),
(281, 'nommé'),
(1289, 'nord'),
(635, 'normalement'),
(1228, 'notification'),
(1229, 'notifié'),
(282, 'nouveau'),
(812, 'nouveautés'),
(829, 'nouveaux'),
(589, 'nouvelle'),
(590, 'novembre'),
(488, 'novice'),
(64, 'numérique'),
(1193, 'numéro'),
(1040, 'numéros'),
(1297, 'n’avaient'),
(378, 'n’est'),
(782, 'n’était'),
(750, 'obligatoire'),
(165, 'obtenu'),
(284, 'occasion'),
(1330, 'occulter'),
(285, 'occupait'),
(637, 'occuper'),
(688, 'octobre'),
(880, 'officialise'),
(591, 'officiel'),
(858, 'offre'),
(312, 'offres'),
(17, 'oiseau'),
(435, 'omniprésent'),
(436, 'omniprésentes'),
(835, 'on trouve'),
(1194, 'opérateur'),
(1083, 'opération'),
(304, 'opinion'),
(503, 'opposé'),
(1230, 'opposé avant'),
(1056, 'opté'),
(813, 'option'),
(793, 'orange'),
(65, 'organisée'),
(794, 'origami'),
(1057, 'origine'),
(1310, 'osiris'),
(111, 'oubliez'),
(901, 'outil'),
(592, 'outre'),
(689, 'ouvertes il'),
(690, 'ouverture'),
(1261, 'pages'),
(532, 'paiement'),
(379, 'panique'),
(1298, 'parait'),
(1160, 'parcours'),
(143, 'paris'),
(19, 'parlant'),
(313, 'parlé'),
(1331, 'parler'),
(915, 'parmi'),
(1161, 'partagée'),
(112, 'partagés'),
(314, 'partenariat'),
(197, 'partenariats'),
(113, 'participer'),
(380, 'particulier'),
(239, 'partie'),
(1137, 'partir'),
(1058, 'passaient'),
(814, 'passait'),
(691, 'passant'),
(198, 'passe'),
(1059, 'passent'),
(381, 'passer'),
(315, 'payantes'),
(316, 'payer'),
(66, 'pays'),
(1290, 'peace'),
(1234, 'pédopornographiques'),
(1091, 'pellerin'),
(1026, 'penchant'),
(902, 'pensait'),
(1332, 'pensé'),
(638, 'penser'),
(1162, 'penser que'),
(1002, 'perdre'),
(692, 'performances'),
(533, 'permet'),
(1163, 'permettra'),
(946, 'permettre'),
(382, 'permis'),
(166, 'perquisition'),
(286, 'personnage'),
(947, 'personnages'),
(437, 'personnalisation'),
(383, 'personne'),
(1132, 'personnelles'),
(384, 'personnes'),
(988, 'perte'),
(815, 'petite'),
(948, 'petites'),
(949, 'peuvent'),
(1231, 'phares'),
(959, 'phone'),
(167, 'phonographiques'),
(1003, 'photos'),
(910, 'pictures'),
(1084, 'piratage'),
(135, 'pirate'),
(921, 'pirates'),
(859, 'pixels'),
(1333, 'planer'),
(217, 'plans'),
(950, 'plastique'),
(489, 'plateforme'),
(1334, 'plateformes'),
(965, 'playstation'),
(1027, 'pliés'),
(185, 'plus'),
(240, 'plusieurs'),
(241, 'plusieurs offres'),
(438, 'plutôt'),
(966, 'pocket'),
(21, 'poème'),
(439, 'pointer'),
(258, 'polémique'),
(139, 'police'),
(12, 'policier'),
(67, 'ponction'),
(20, 'porc'),
(1262, 'pornographiques'),
(980, 'portage'),
(1263, 'portée'),
(1195, 'porteuses'),
(1060, 'posait'),
(639, 'poser'),
(534, 'postés'),
(860, 'pouces'),
(225, 'pour'),
(385, 'pourra'),
(640, 'pourrait'),
(114, 'pourrez'),
(1138, 'pourront'),
(861, 'pour '),
(1061, 'pour une'),
(115, 'pouvez'),
(440, 'pouvoir'),
(1062, 'pratique'),
(388, 'préalable'),
(1029, 'précédentes'),
(1004, 'précieuse'),
(1166, 'préciser'),
(299, 'préférés'),
(69, 'préjudice'),
(9, 'premier'),
(442, 'première'),
(441, 'premiers'),
(1028, 'premiers géants'),
(795, 'premium+'),
(1264, 'prendre'),
(593, 'préparation'),
(753, 'préparer'),
(119, 'près'),
(594, 'présentation'),
(1336, 'présente'),
(1233, 'présidence'),
(116, 'presque'),
(409, 'presse'),
(318, 'prêt'),
(1111, 'prévoit'),
(490, 'prévu'),
(644, 'prévue'),
(751, 'primaire'),
(836, 'prime'),
(981, 'primeur'),
(1335, 'principale'),
(1110, 'principales'),
(951, 'principaux'),
(287, 'pris'),
(30, 'privée'),
(989, 'priver'),
(317, 'prix'),
(1265, 'probablement'),
(837, 'problème'),
(641, 'problèmes'),
(1164, 'procédure'),
(535, 'prochain'),
(462, 'prochaine'),
(642, 'prochains'),
(168, 'producteurs'),
(928, 'production'),
(903, 'productions'),
(242, 'produits'),
(752, 'professeurs'),
(536, 'professionnels'),
(537, 'profit'),
(68, 'profitent'),
(1232, 'profiter'),
(538, 'programmé'),
(199, 'programmes'),
(693, 'progressif'),
(643, 'projet'),
(443, 'promettait'),
(243, 'promotions'),
(1196, 'proposait'),
(117, 'proposant'),
(816, 'proposé'),
(201, 'proposée'),
(386, 'proposées'),
(200, 'proposent'),
(244, 'proposer'),
(1197, 'proposera'),
(904, 'proposés'),
(1266, 'proposition'),
(1165, 'propositions'),
(118, 'propres '),
(1267, 'protection'),
(1268, 'protéger'),
(1085, 'protégés'),
(387, 'provoquer'),
(319, 'publiait'),
(70, 'public'),
(320, 'publicité'),
(694, 'publics'),
(657, 'publie'),
(1011, 'publient'),
(695, 'publier'),
(120, 'publiés'),
(389, 'publique'),
(1299, 'publiques'),
(862, 'puisqu'),
(754, 'puisqu’il'),
(331, 'quand'),
(444, 'quasi'),
(295, 'quel'),
(321, 'question'),
(90, 'quipe'),
(121, 'quotidien'),
(1167, 'qu’elles'),
(755, 'qu’il'),
(539, 'qu’un'),
(982, 'racheté'),
(288, 'radicale'),
(1317, 'raider'),
(468, 'railworks'),
(1337, 'raison'),
(696, 'raisons'),
(783, 'rappelé'),
(1198, 'rappeler que'),
(1269, 'rare'),
(202, 'rarement'),
(203, 'rares'),
(491, 'rassurent'),
(617, 'rayman'),
(645, 'rayons'),
(541, 'réaction'),
(289, 'réactions'),
(218, 'récap'),
(169, 'récemment'),
(170, 'récente'),
(1030, 'recherches'),
(71, 'redevance'),
(610, 'réediter'),
(699, 'réelle'),
(24, 'rees'),
(1338, 'refait'),
(1271, 'référence'),
(1139, 'référendum'),
(1168, 'référendums'),
(1112, 'réformes'),
(322, 'régie'),
(863, 'regrette'),
(700, 'régulateur'),
(1235, 'régulation'),
(1199, 'régulièrement'),
(1017, 'reine'),
(1270, 'rejeter'),
(1300, 'relance'),
(929, 'relancera'),
(697, 'relatifs'),
(756, 'relativement'),
(646, 'remastérisée'),
(390, 'remet'),
(245, 'remises'),
(72, 'remplacée'),
(73, 'rendements'),
(698, 'rendre'),
(391, 'rendu'),
(1301, 'rendues'),
(784, 'renseignement'),
(701, 'répartiteur'),
(204, 'replay'),
(905, 'répondant'),
(1095, 'reportée'),
(817, 'reprend'),
(74, 'représentant'),
(595, 'réseaux'),
(864, 'réservée'),
(702, 'réservées'),
(1031, 'ressortent'),
(246, 'reste'),
(323, 'résultat'),
(757, 'résultats'),
(648, 'résume'),
(552, 'retour'),
(540, 'retrait'),
(1012, 'rétrospective'),
(1032, 'retrouvait'),
(647, 'retrouve'),
(122, 'retrouver'),
(76, 'réunion'),
(1120, 'révéler'),
(247, 'revendeurs'),
(392, 'revoir'),
(818, 'révolution'),
(407, 'revue'),
(1318, 'rise'),
(393, 'risque'),
(4, 'roman'),
(75, 'ronds'),
(22, 'rouge-gorge'),
(36, 'royaume'),
(133, 's&#233'),
(596, 'sachez'),
(770, 'sacrifier'),
(290, 'saga'),
(1086, 'saisi'),
(758, 'savoirs'),
(1005, 'scandale'),
(77, 'scandinave'),
(1200, 'schéma'),
(597, 'science'),
(759, 'scolaires'),
(760, 'scolarité'),
(205, 'scotché'),
(144, 'scpp'),
(960, 'scrolls'),
(1272, 'secrétaire'),
(771, 'sécurité'),
(724, 'sein'),
(126, 'sélection'),
(662, 'selon'),
(78, 'semaine'),
(922, 'semaines'),
(952, 'semblent'),
(171, 'semblerait'),
(1201, 'sens'),
(1340, 'série'),
(923, 'servant désormais'),
(172, 'serveurs'),
(542, 'service'),
(206, 'services'),
(953, 'servis'),
(954, 'seul'),
(207, 'seulement'),
(955, 'seuls'),
(445, 'sévère'),
(563, 'sherlock'),
(492, 'signé'),
(1339, 'signée'),
(924, 'signer'),
(543, 'significatif'),
(123, 'simple'),
(819, 'simplifier'),
(493, 'simulation'),
(459, 'simulator'),
(173, 'site'),
(300, 'sites'),
(703, 'situation'),
(906, 'slogan'),
(1133, 'smartphone'),
(769, 'snowden'),
(1273, 'socialiste'),
(598, 'sociaux'),
(145, 'société'),
(761, 'socle'),
(1169, 'soient'),
(983, 'soir'),
(1202, 'soit maintenant'),
(394, 'solutions'),
(820, 'sombre'),
(79, 'sommets'),
(911, 'sony'),
(704, 'son '),
(494, 'sortie'),
(1283, 'sortir'),
(599, 'sortira'),
(1274, 'souhaitaient que'),
(1170, 'soumises'),
(1171, 'soutenir'),
(1113, 'soutien'),
(324, 'spécialisée'),
(1063, 'spécifiques'),
(796, 'spotify'),
(1319, 'square'),
(564, 'star'),
(460, 'steam'),
(80, 'stockage'),
(956, 'stocker'),
(395, 'stockés'),
(1036, 'stop'),
(565, 'strange'),
(1064, 'stratégie'),
(882, 'stream'),
(208, 'streaming'),
(268, 'street'),
(495, 'studio'),
(141, 'suédoise'),
(865, 'suffisante'),
(81, 'suit'),
(140, 'suite'),
(705, 'suivi'),
(124, 'suivre'),
(325, 'sujet'),
(600, 'super'),
(762, 'supérieur'),
(396, 'supposé'),
(821, 'supprimée'),
(1275, 'surf'),
(1033, 'surfing'),
(866, 'surtout'),
(397, 'surveillance'),
(125, 'sur '),
(822, 'sur la'),
(1236, 'suscité'),
(398, 'suspectée'),
(883, 'sync'),
(907, 'synchronisation'),
(82, 'syndicat'),
(1207, 'système'),
(1276, 's’alarmait'),
(706, 's’appuyant'),
(1302, 's’entêtait'),
(707, 's’était'),
(1172, 's’exprimer'),
(611, 'tablettes'),
(326, 'taraude'),
(1237, 'tard'),
(301, 'tarif'),
(505, 'taxe'),
(344, 'tchèque'),
(216, 'team'),
(708, 'technique'),
(709, 'technologie'),
(254, 'tekken'),
(712, 'téléchargement'),
(1181, 'telecom'),
(823, 'téléphonie'),
(870, 'télévisions'),
(1173, 'telle'),
(209, 'tels'),
(1311, 'temple'),
(867, 'temporaire'),
(83, 'temps'),
(127, 'tendance'),
(1238, 'tenir'),
(1174, 'terme'),
(550, 'terminator'),
(984, 'terminaux'),
(291, 'terrain'),
(710, 'territoire'),
(1239, 'terrorisme'),
(1303, 'terrorisme '),
(13, 'test'),
(446, 'tests'),
(763, 'texte'),
(1175, 'textes'),
(1304, 'thèse'),
(5, 'titre'),
(649, 'titres'),
(447, 'toile'),
(1320, 'tomb'),
(884, 'torrent'),
(174, 'touche'),
(210, 'toucher'),
(885, 'tout'),
(1087, 'tracker'),
(469, 'train'),
(448, 'transactions'),
(1277, 'transmis'),
(566, 'trek'),
(658, 'très'),
(175, 'tribunal'),
(1114, 'trimestre'),
(868, 'trois'),
(496, 'trouvé'),
(869, 'trouver'),
(711, 'trouver '),
(1182, 'tunnel'),
(567, 'twitter'),
(1278, 'type'),
(413, 'ubisoft'),
(826, 'ultra'),
(176, 'une semaine'),
(1203, 'uniquement'),
(255, 'unis'),
(84, 'unités'),
(618, 'unity'),
(327, 'un accès'),
(449, 'un même'),
(713, 'upload'),
(1176, 'urnes'),
(1134, 'utilisateurs'),
(128, 'validés'),
(1096, 'valois'),
(470, 'valve'),
(85, 'vannes'),
(450, 'variété'),
(653, 'vdsl2'),
(457, 'véhicules'),
(248, 'veille'),
(1006, 'venait'),
(1177, 'venant'),
(399, 'vent'),
(985, 'ventes'),
(86, 'ventres'),
(1305, 'venue'),
(451, 'verdict'),
(1178, 'véritable'),
(1204, 'vers'),
(497, 'version'),
(452, 'vertigineuses'),
(544, 'veut'),
(292, 'vidéo'),
(335, 'vidéoprotection'),
(336, 'vidéosurveillance'),
(87, 'viendra'),
(871, 'viennent'),
(601, 'vient'),
(498, 'vieux'),
(453, 'vignes'),
(827, 'vimeo'),
(767, 'vincent'),
(293, 'vingt'),
(1279, 'violents'),
(37, 'virkkunen'),
(400, 'visait'),
(764, 'vise'),
(1306, 'viser'),
(1135, 'visera'),
(401, 'vision'),
(967, 'vita'),
(454, 'vitesse'),
(455, 'vitesses'),
(650, 'vivantes'),
(1018, 'voice'),
(402, 'voie'),
(986, 'voir'),
(714, 'voisins'),
(1007, 'volées'),
(1115, 'volonté'),
(651, 'vont'),
(38, 'votée'),
(456, 'votre '),
(1307, 'vouloir'),
(97, 'vous'),
(1019, 'voyons'),
(619, 'watch_dogs'),
(249, 'week'),
(620, 'windows'),
(568, 'women'),
(718, 'xavier'),
(968, 'xbox'),
(180, 'youtube'),
(403, 'zappé'),
(931, 'zelda'),
(296, '[sondage]'),
(545, ' asociación'),
(129, ' auparavant'),
(1065, ' avoir'),
(602, ' benedict'),
(715, ' bien'),
(908, ' browse'),
(1341, ' depuis'),
(603, ' devrait'),
(499, ' entre'),
(604, ' et '),
(872, ' fransat'),
(874, ' il n'),
(130, ' qui'),
(605, ' revient'),
(1240, ' société'),
(1088, ' sont'),
(873, ' wuaki'),
(1116, 'œuvre');

-- --------------------------------------------------------

--
-- Structure de la table `produit`
--

CREATE TABLE IF NOT EXISTS `produit` (
  `id` int(11) NOT NULL AUTO_INCREMENT,
  `titre` varchar(100) DEFAULT NULL,
  `auteur` varchar(100) DEFAULT NULL,
  `description` varchar(1000) DEFAULT NULL,
  PRIMARY KEY (`id`)
) ENGINE=InnoDB  DEFAULT CHARSET=utf8 AUTO_INCREMENT=40 ;

--
-- Contenu de la table `produit`
--

INSERT INTO `produit` (`id`, `titre`, `auteur`, `description`) VALUES
(1, 'mon fabuleux titre de roman', 'Kevin Masseix', 'le tout premier roman d''aventure ecrit par moi meme'),
(2, 'mon fabuleux titre de roman policier', 'Kevin Masseix', 'le tout premier roman d''aventure ecrit par moi meme'),
(3, 'mon fabuleux titre de roman policier', 'Kevin Masseix', 'le tout premier roman d''aventure ecrit par moi meme'),
(4, 'mon fabuleux titre de roman policier', 'Kevin Masseix', 'le tout premier roman d''aventure ecrit par moi meme'),
(5, 'l''oiseau élégant', 'jean jacques', 'poème parlant d''un rouge-gorge et d''un porc'),
(6, 'La Finlande fiscalisera la copie privée dès le 1er janvier 2015', 'Marc Rees', 'La Finlande a décidé mercredi de fiscaliser la redevance pour copie privée tout en abandonnant la moindre ponction grevant les unités de stockage. Si le pays scandinave suit là l’Espagne, pendant ce temps le Royaume-Uni a décidé de couper les vannes. En France, les ventres sont nettement plus ronds puisque les rendements atteignent des sommets. Votée mercredi, la ponction sera remplacée dès le 1er janvier 2015 par un fonds public qui viendra abonder les caisses des ayants droit afin de compenser « leur préjudice » lié à l’exception de copie privée dont profitent les consommateurs. Cette décision finlandaise a été applaudie cette semaine à Bruxelles par l’eurodéputée Henna Virkkunen lors d’ une réunion organisée par DigitalEurope , syndicat représentant les intérêts des plus grands acteurs du numérique.'),
(7, '511ème édition des LIDD : Liens Idiots Du Dimanche', 'L’&#233;quipe de LIDD.fr', 'Comme tous les dimanches (ou presque) depuis près de 11 ans maintenant, voici notre sélection des liens les plus insolites de ces derniers jours, tous publiés sur  LIDD.fr  auparavant. Comme toujours, n''oubliez pas que vous pouvez participer en nous proposant directement vos propres  LIDD  qui seront ensuite validés (ou non) par l''équipe. N''hésitez pas à nous suivre au quotidien afin de découvrir l''ensemble des liens partagés, dont voici ici la sélection des meilleurs de la semaine. Vous pourrez aussi retrouver le Top du moment, ou ceux qui font la tendance d''un simple clic.'),
(8, 'The Pirate Bay est inaccessible, sans doute suite à une action de la police suédoise', 'S&#233;bastien Gavois', 'The Pirate Bay est hors-ligne. Mais cette fois, cela ne touche pas que la France et n''est pas en lien direct avec la récente décision du tribunal de grande instance de Paris. En effet, il semblerait que cela soit directement lié à une perquisition effectuée dans les locaux où sont hébergés les serveurs du site. L''actualité autour de The Pirate Bay est des plus agitées depuis une semaine. En effet, comme nous l''indiquions récemment , la SCPP (Société civile des producteurs phonographiques) a obtenu du tribunal de grande instance de Paris le blocage du site et de certains de ses miroirs. '),
(9, 'France 24 débarque en direct sur YouTube, en 720p', 'David Legrand', 'Si les chaînes de TV multiplient de plus en plus les partenariats avec des services de streaming pour la diffusion de certains programmes ou d''extraits, rares sont celles qui proposent une diffusion en direct par ce biais. C''est désormais le cas de France 24 qui s''est associé à YouTube. Afin de toucher un public qui n''est pas scotché à la TV, les chaînes de TV multiplient les partenariats avec les services de streaming tels que Dailymotion ou YouTube. Cela passe par l''accès de certains programmes en replay, la mise en ligne de contenus dédiés ou seulement d''extraits. Plus rarement, une diffusion en direct est proposée.'),
(10, 'Le récap'' des bons plans du moment, semaine 50', 'La Team &#171; Bons plans &#187; de Next INpact', 'Les fêtes de Noël approchent à grands pas et, pendant ce temps, c''est l''agitation chez les revendeurs qui en profitent pour lancer de nombreuses promotions dans la dernière ligne droite. La Team Bons Plans veille évidemment au grain et a encore déniché plusieurs offres cette semaine. Pour cet avant-dernier week-end avant Noël, plusieurs revendeurs ont décidé de proposer des remises sur une bonne partie de leur catalogue : 6 % sur tout le site chez Top Achat , jusqu''à 7 % chez LDLC et 10 % chez Rue du Commerce . De son côté, Materiel.net n''est pas en reste avec 30 % sur une large sélection de produits Logitech .'),
(11, 'Tekken 7 : Lucky Chloe fait polémique et ne sera pas disponible aux États-Unis', 'Kevin Hottot', 'Alors que Street Fighter V occupait le terrain médiatique ces derniers jours, une vidéo dans laquelle était dévoilé un nouveau personnage pour Tekken 7 a aussi été mise en ligne. Après de nombreuses réactions négatives outre-Atlantique, Katsuhiro Harada, le Game Director de la saga, a pris une décision radicale qui a alimenté la polémique. Rarement l''annonce d''un personnage dans un jeu de combat aura fait couler autant d''encre. À l''occasion des vingt ans de la franchise  Tekken , l''équipe de développement de Tekken 7 a choisi de dévoiler un nouveau personnage nommé Lucky Chloe.'),
(12, '[Sondage] Quel est le tarif idéal pour un accès sans pub à vos sites d''info préférés ?', 'David Legrand', 'Alors que la question de la publicité en ligne et de son blocage taraude de plus en plus les éditeurs, et que les offres payantes se multiplient chez certains, nous avons décidé de vous demander quel prix vous seriez prêt à payer pour un accès à l''ensemble de vos sites préférés sans limite de contenu, et sans publicité. La régie Mozoo, spécialisée dans le mobile, publiait récemment le résultat d''une étude menée en partenariat avec Opinion Way. Elle évoquait le comportement des internautes vis-à-vis de la publicité, un sujet dont nous avons encore parlé il y a peu .'),
(13, 'Quand la vidéosurveillance européenne contrarie la vidéoprotection française', 'Marc Rees', 'L’arrêt rendu ce matin par la Cour de Justice de l’Union européenne en matière de vidéosurveillance risque d’avoir de douloureux effets en France. Il remet en effet en cause les efforts du ministère de l’Intérieur pour se passer de la CNIL dans l’installation des caméras de « vidéoprotection. » Les faits examinés par la CJUE visait le cas d’un Tchèque ayant installé une caméra de surveillance chez lui, mais dont le champ de vision débordait sur la voie publique. Les flux étaient stockés sur disque dur, chez lui. Par ce biais, ce particulier avait finalement permis à la police d’identifier une personne suspectée d’avoir caillassé les fenêtres de sa maison. Cependant, la CNIL locale lui a infligé une amende, faute pour ce particulier d’avoir zappé le consentement préalable des personnes filmées. On pourra revoir notre actualité sur les solutions proposées par la Cour, mais l’important n’est peut-être pas là car l’arrêt est supposé provoquer un vent de panique en France, au ministère de l'),
(14, 'Revue de presse : The Crew... se croûte', 'Kevin Hottot', 'Une semaine après le lancement de The Crew , les premiers tests commencent à pointer le bout de leur nez sur la toile. Hasard ou non, ils sont pour le moment assez peu nombreux. Mais tous ceux ayant abordé le cas des micro-transactions, omniprésentes, livrent un même verdict qui est plutôt sévère. Quand Ubisoft a dévoilé pour la première fois The Crew , lors de l''E3 2013, le jeu fleurait bon les grands espaces, la vitesse, et promettait une personnalisation quasi sans limite de nos véhicules, afin de pouvoir aussi bien avaler le bitume à des vitesses vertigineuses que barouder dans les vignes de Californie. Le tout, à bord d''une assez large variété de véhicules, et avec un côté « massivement multijoueur » omniprésent, dans lequel votre « Crew » affronte ceux du monde entier. '),
(15, 'Flight Simulator X atterrira la semaine prochaine sur Steam', 'Kevin Hottot', 'Durant l''été, le studio Dovetail Games annonçait avoir trouvé un accord avec Microsoft afin de pouvoir distribuer via Steam Flight Simulator X , un jeu désormais vieux de huit ans. Le titre a désormais une date pour sa sortie sur la plateforme de Valve et l''attente ne sera pas bien longue. Comme prévu, la version Gold de Flight Simulator X  (FSX) sera distribuée sur Steam avant la fin de l''année, ceci grâce à un accord signé cet été  entre Microsoft et Dovetail Games. Que les amateurs de la franchise se rassurent, le studio n''est pas novice dans le domaine des jeux de simulation, puisque c''est notamment à lui que l''on doit la franchise RailWorks  /  Train Simulator,  bien connue des fondus de chemins de fer.'),
(16, 'Opposé à une taxe, Google News ferme en Espagne', 'Marc Rees', 'En réaction à l''instauration d''une redevance au profit des éditeurs de presse qu''il ne veut pas payer, le géant américain a décidé de fermer Google News en Espagne. Ce retrait, programmé pour le 16 décembre prochain, devrait faire l''effet d''une douche froide pour les professionnels de la presse gommés des cadrans de ce service en ligne. Avec sa récente loi sur le droit d’auteur, l’Espagne a adopté la « Canon AEDE » . Cette redevance dite «  Asociación de Editores de Diarios Españoles  » permet aux éditeurs de presse d’exiger des services en ligne le paiement d’une compensation financière dès lors qu’un lien et un extrait significatif sont postés sur Internet.'),
(17, 'Bandes-annonces : Le Hobbit, Terminator, Dragon Ball Z et « Il » sont de retour', 'S&#233;bastien Gavois', 'Cette semaine, le Hobbit  revient pour un dernier baroud d''honneur dans la bataille des cinq armées . Si vous êtes plutôt réseaux sociaux que science-fiction, alors  Men, Women & Children  devrait vous intéresser. Plusieurs bandes-annonces plutôt animées ont été mises en ligne ces derniers jours, notamment avec  Terminator Genisys  et  Dragon Ball Z : Fukkatsu no F . Via son compte Twitter officiel , Doctor Strange vient de dévoiler que  Benedict Cumberbatch ( Star Trek Into Darkness , Le Hobbit , Sherlock ) incarnera le super héros dans une nouvelle adaptation qui sortira le 4 novembre 2016 outre Atlantique. Pour les amateurs de football, sachez qu''un documentaire sur Messi est en préparation et qu''il devrait arriver au début de l''année prochaine. Le FC Barcelone a d''ailleurs mis en ligne  une vidéo de présentation .'),
(18, 'Ubisoft va réediter Heroes of Might & Magic III sur PC et tablettes', 'Kevin Hottot', 'Après avoir été quelque peu bousculé par les lancements de Watch_Dogs et d'' Assassin''s Creed Unity , Ubisoft va se concentrer dans les prochains mois sur un autre projet qui devrait normalement lui poser moins de problèmes. Il s''agit d''une édition remastérisée de Heroes of Might & Magic III , prévue pour fonctionner sous Android, iOS et Windows. Le catalogue d''Ubisoft ne se résume pas seulement à Assassin''s Creed , aux Lapins Crétins et à Rayman , même si en cette fin d''année on pourrait assez facilement penser le contraire, puisque ce sont ces franchises qui vont occuper le gros des rayons en magasin. Aux côtés de ces titres, on retrouve d''autres licences un peu moins exposées, mais néanmoins bien vivantes, comme Might & Magic .'),
(19, 'VDSL2 : un an après, l''ARCEP publie son état des lieux du très haut débit', 'S&#233;bastien Gavois', 'L''ARCEP vient de mettre en ligne son  bilan de l’introduction de la technologie VDSL2 sur le territoire. Selon le régulateur, le but est de  « rendre publics des éléments d’appréciation relatifs aux performances en situation réelle de cette technologie et à estimer ses effets sur la couverture du territoire en très haut débit ». En octobre 2013, le VDSL2 faisait enfin son entrée en France, bien après certains de nos voisins européens. Comme nous l''avions alors détaillé, cette technologie permet d''atteindre des débits de près de 100 Mb/s en téléchargement et de 50 Mb/s en upload, à condition d''être très (très) près du NRA. Initialement réservées aux lignes en distribution directe « pour des raisons technique s », celles passant par un sous-répartiteur ont finalement été ouvertes il y a peu. L''ARCEP indique avoir « suivi avec attention » ce déploiement progressif et qu''elle « s’était engagée à publier un bilan un an après la première ouverture commerciale des services haut et très haut d'),
(20, 'L’apprentissage du code ne fait pas l’unanimité au sein de l’Éducation nationale', 'Xavier Berne', 'Alors que François Hollande a déclaré  la semaine dernière qu’il fallait « préparer nos enfants beaucoup plus tôt au codage » informatique, les résultats d’une récente consultation menée par l’Éducation nationale montrent que les professeurs sont relativement divisés sur cette question. Le 10 juin dernier, le Conseil supérieur des programmes scolaires a dévoilé son projet de « socle commun de connaissances, de compétences et de culture » ( PDF ). Ce texte est relativement important, puisqu’il vise à lister les savoirs fondamentaux que devront acquérir les élèves tout au long de leur scolarité obligatoire, c’est-à-dire de l’école primaire jusqu’au collège.'),
(21, 'Edward Snowden : « Veut-on sacrifier toute notre vie privée au profit de la sécurité ? »', 'Vincent Hermann', 'Hier, Edward Snowden est intervenu pour la première fois en France dans le cadre d’une conférence organisée par Amnesty International. Il est notamment intervenu sur l’erreur de logique fondamentale qui alimente selon lui le monde du renseignement aujourd’hui. Il a rappelé également que la France n’était pas épargnée.'),
(22, 'Deezer chamboule son application Android, la version iOS se fait attendre', 'S&#233;bastien Gavois', 'Deezer vient de mettre à jour son application Android, qui reprend certaines nouveautés introduites récemment sur la version web, notamment au niveau du Flow (flux) et du lecteur. La plateforme de streaming annonce qu''elle veut « simplifier la navigation et l''interaction ». De son côté, la version iOS est en préparation. Alors que l''abonnement Deezer Premium+ était proposé depuis longtemps avec certains forfaits Origami d'' Orange , cette option a été supprimée début octobre , mais sans aucun changement sur le prix des forfaits de téléphonie mobile. Dans le même temps , Deezer faisait sa petite révolution en chamboulant son interface qui passait notamment au design sombre, comme l''avait fait Spotify avant lui.'),
(23, 'De nouveaux acteurs se lancent dans la 4K Ultra HD : Amazon, Fransat et Vimeo', 'S&#233;bastien Gavois', 'Alors que l''on regrette souvent l''absence de contenu 4K, trois acteurs viennent d''annoncer qu''ils allaient se mettre à la diffusion en Ultra HD : Amazon avec son service Prime Video, Fransat et Vimeo. Depuis maintenant plusieurs mois, les fabricants de télévisions mettent en avant la 4K, y compris sur les modèles d''entrée de gamme. On trouve par exemple une TV LG de 42 pouces avec une définition Ultra HD (3840 x 2160 pixels) pour  moins de 550 euros . Problème, il n''est toujours pas aisé de trouver du contenu adapté.  Netflix propose par exemple ce genre de service chez nous, mais à condition de disposer d'' une TV éligible et surtout une connexion suffisante . De son côté, Wuaki.tv s''est lancé dans la 4K, mais du bout des doigts puisqu''il ne s''agit que d'' une offre temporaire et réservée à certains clients .'),
(24, 'Maelstrom : BitTorrent officialise son projet de navigateur décentralisé', 'David Legrand', 'Cet été, l''équipe de BitTorrent évoquait de manière discrète un nouveau projet sous un slogan plutôt flou : « Browse. Torrent. Stream. » Tout le monde pensait alors à un navigateur, sans que ce ne soit confirmé. C''est désormais officiel, le projet répondant au nom de code : Maelstrom Depuis quelques temps, l''équipe de BitTorrent cherche à se diversifier. Outre ses bundles proposés aux artistes et créateurs afin de monétiser leurs productions distribuées de manière décentralisée, on a eu droit par exemple à un outil de synchronisation de fichiers ( Sync ) et de messagerie instantanée ( Bleep ).'),
(25, 'Destover, le malware signé avec un certificat dérobé à Sony Pictures', 'Vincent Hermann', 'Des pirates ont dérobé à Sony de nombreuses données il y a deux semaines. Parmi elles, des certificats de sécurité, dont au moins un servant désormais à signer un malware, causant des difficultés à certains antivirus.'),
(26, 'Nintendo ne relancera pas la production de certaines figurines Amiibo', 'Kevin Hottot', 'Nintendo cherche depuis maintenant quelque temps à se démarquer de la concurrence grâce à ses figurines Amiibo pour Wii U et 3DS. Seulement, certaines semblent de plus en plus difficiles à trouver et le constructeur n''a pas l''intention de les rééditer. Les premiers arrivés seront donc les seuls servis. En juin dernier, lors de l''E3, Nintendo levait le voile sur les Amiibo, de petites figurines en plastique à l''effigie des principaux personnages des franchises de la marque. De Bowser à Zelda, en passant par l''entraineuse de la Wii Fit et l''indéboulonnable Mario, elles peuvent stocker des données pour un seul jeu à la fois , mais également permettre de débloquer du contenu cosmétique sur plusieurs titres.'),
(27, 'Mojang lance Minecraft sur Windows Phone et Scrolls en version finale', 'Kevin Hottot', 'Aujourd''hui, Mojang fait coup double. Non seulement le studio racheté pour 2,5 milliards de dollars par Microsoft lance enfin Scrolls en version finale, après un an et demi de bêta-test, mais il propose aussi depuis hier soir une version sous Windows Phone 8 de Minecraft Pocket Edition . Depuis fin 2011, il est possible de jouer à Minecraft depuis de nombreux terminaux sous Android et iOS. Sur consoles, Microsoft avait eu la primeur du portage, avec une première version disponible sur Xbox 360 dès mai 2012, quand Sony a dû attendre Noël 2013 pour voir le titre débarquer sur PlayStation 4 . Même la PlayStation Vita, malgré ses ventes peu enviables, a eu le droit à son portage en octobre dernier .'),
(28, 'iCloud : quand la perte d''une clé peut vous priver de votre vie numérique', 'Vincent Hermann', 'La mésaventure d’un journaliste de The Next Web avec son compte iCloud permet de mettre en lumière le délicat équilibrage entre facilité d’utilisation et sécurité. En réaction au scandale des photos de célébrités dénudées  qui avaient été volées, Apple avait en effet augmenté la sécurité  de ses comptes. Au point que si l’utilisateur venait à perdre sa précieuse clé, il pourrait perdre toute sa vie numérique.'),
(29, 'Facebook, Twitter et YouTube publient leur rétrospective de l''année 2014', 'S&#233;bastien Gavois', 'Comme  à chaque fin d''année,  plusieurs acteurs importants du web en profitent pour faire le point sur les événements des douze derniers mois. Comme les années précédentes, Facebook, Twitter et YouTube se sont pliés à cet exercice. Voyons quelles tendances en ressortent. Fin novembre , Microsoft était l''un des premiers géants du web à publier sa rétrospective 2014 tout en se penchant sur « l''égo-surfing », c''est-à-dire sur les recherches que l''on fait sur soi-même dans Bing. Parmi les faits marquants pour la France, on retrouvait Julie Gayet, la Reine des neiges et The Voice par exemple.'),
(30, 'Presse Non-Stop va chez ePresse et libère d''anciens numéros de CPC / CPC Hardware', 'David Legrand', 'Récemment nos confrères de Presse Non-Stop (Canard PC, Canard PC Hardware et Humanoïde) ont décidé de revoir leur stratégie de distribution numérique. Ainsi, ils passent désormais par le service ePresse, mais ont décidé de rendre disponibles leurs anciens numéros en PDF pour éviter tout problèmes à leurs lecteurs. Récemment, Presse Non-Stop qui est à l''origine de Canard PC, Canard PC Hardware et Humanoïde a annoncé  avoir opté pour une nouvelle façon d''acheter ses magazines ou de s''abonner en version numérique. En effet, ils passaient auparavant par des applications dédiées à chaque plateforme, un temps avec des fonctionnalités spécifiques, mais cela posait plusieurs problèmes au niveau pratique et technique.'),
(31, 'La police suédoise est bien à l’origine de la fermeture de The Pirate Bay', 'Xavier Berne', 'La police suédoise a confirmé avoir saisi hier plusieurs serveurs appartenant à The Pirate Bay, ce qui explique pourquoi le célèbre site de liens torrent reste inaccessible. Le point sur les derniers éléments de l''opération. Depuis hier, The Pirate Bay est inaccessible , en France comme ailleurs dans le monde. Le célèbre galion n’est pas le seul à connaître de tels déboires, puisque d’autres sites connus pour permettre le piratage de nombreux contenus protégés (films, musique...) sont également hors ligne, encore ce matin. C’est notamment le cas d’ EZTV ou du tracker Istole . Les forums de The Pirate Bay  sont eux aussi inaccessibles, de même que l''ensemble des miroirs de TPB .'),
(32, 'La guerre de Fleur Pellerin contre le « piratage de masse » reportée à 2016 ?', 'Marc Rees', 'Le ministère de la Culture confirme sa volonté d’apporter un « soutien à la mutation numérique des industries culturelles ». Dans l’agenda des réformes exposé sur le site du gouvernement, la Rue de Valois esquisse les trois principales mesures dont le chantier devrait débuter au premier trimestre de l''année prochaine. Mais curieusement, le document prévoit une mise en œuvre début 2016.'),
(33, 'La CNIL et l’Inria vont révéler les indiscrétions d’Android', 'Marc Rees', 'La CNIL va diffuser lundi une étude intéressante montée avec l’Inria. Elle visera à informer les utilisateurs de la masse de données personnelles passant dans les mains de leur smartphone et des applications installées. Une première campagne visait l''iPhone en avril 2013. Cette fois Android sera sur le grill.'),
(34, 'À partir du 1er janvier, les électeurs pourront choisir un référendum sur Internet', 'Xavier Berne', 'François Hollande a signé hier le décret venant préciser les modalités de mise en œuvre, à partir du 1er janvier 2015, des référendums dits d’initiative partagée. Un site officiel permettra ainsi aux électeurs de soutenir des textes de loi sur lesquels ils aimeraient s’exprimer. L''ensemble du dispositif s''apparente cependant à un véritable parcours du combattant, ce qui laisse à penser que la procédure ne pourra jamais aller jusqu''à son terme. À partir de l’année prochaine, les électeurs pourront soutenir sur Internet des propositions de loi, dans l’espoir qu’elles leur soient ensuite soumises par voie de référendum. Dans une telle hypothèse, l’ensemble des citoyens serait alors appelé aux urnes, afin de dire si oui ou non, il faut adopter définitivement un texte.'),
(35, 'La 4G de Bouygues Telecom débarque dans le tunnel sous la Manche', 'S&#233;bastien Gavois', 'Bouygues Telecom vient d''annoncer qu''à partir d''aujourd''hui, il proposait de la 4G dans le tunnel sous la Manche, mais uniquement lors des trajets depuis Paris vers Londres. Pour le sens inverse, il faudra attendre mai 2015. Bouygues Telecom mise régulièrement sur la 4G afin de se mettre en avant. Il faut rappeler que l''opérateur a longtemps été numéro un concernant la couverture, bien qu''il soit maintenant dépassé de peu par Orange . Du côté des débits, il a aussi été le premier à se lancer dans la 4G +, ou 4G LTE Advanced. De plus, dès l''année prochaine, il proposera de la 4G+ jusqu''à 300 Mb/s , via l''agrégation de trois porteuses, un schéma qu''il est pour le l''instant le seul à pouvoir mettre en œuvre.'),
(36, 'Le blocage administratif des sites programmé pour février 2015', 'Marc Rees', 'Selon nos informations, le gouvernement entend activer le blocage administratif à partir de février 2015 au plus tard. Le projet de décret est dans la boucle, mais il doit encore être notifié à Bruxelles, puisqu’il touche à la « société de l’information ». Paris envisage maintenant une notification d’urgence afin de tenir ce calendrier. C’est l’une des mesures phares qui a suscité un grand nombre de critiques : la récente loi sur le terrorisme programme en effet la mise en place d’un blocage administratif des sites incitant ou faisant l’apologie du terrorisme. Le ministre de l’Intérieur veut profiter de l’occasion pour activer dans le même temps le blocage, toujours administratif, des sites pédopornographiques. Système de régulation contre lequel le PS s’était autrefois opposé avant son accession à la présidence.'),
(37, 'Le gouvernement ne veut pas de logos « -12 » ou « -18 » sur les sites Web', 'Xavier Berne', 'La secrétaire d’État au Numérique vient de rejeter la proposition portée par plusieurs députés de la majorité, qui souhaitaient que les sites Web apposent sur chacune de leurs pages des logos de type « -12 » ou « -18 », et ce au nom de la protection du jeune public. Selon Axelle Lemaire, une telle mesure serait à la fois inappropriée et bien trop difficile à mettre en œuvre. En mai dernier, le député socialiste Daniel Goldberg a transmis une question écrite  à la secrétaire d’État au Numérique, Axelle Lemaire, afin de l’inviter à prendre davantage de mesures pour protéger le surf des enfants sur Internet. « Il n''est pas rare que lors de ses recherches, le jeune public soit confronté à des sites inappropriés » s’alarmait ainsi l’élu, en référence probablement aux contenus violents et pornographiques qu’il est parfois facile de trouver sur le Net.'),
(38, 'Piratage : Sony mis en garde contre sa volonté de sortir le « film du terrorisme »', 'Vincent Hermann', 'Dans un message publié sur Github, accompagné de données qui n’avaient pas encore été rendues publiques, les Guardians of Peace ont menacé Sony Pictures Entertainment d’aller encore plus loin si le studio s’entêtait à vouloir sortir « le film du terrorisme ». Une référence qui parait viser The Interview et relance la thèse d’une attaque venue de Corée du Nord.'),
(39, 'Revue de presse : Lara Croft and the Temple of Osiris', 'Kevin Hottot', 'Il y a quatre ans,  le studio Crystal Dynamics lançait Lara Croft and the Guardian of Light, un dérivé de la saga Tomb Raider se distinguant de la série principale par sa vue en 3D isométrique. Depuis hier sa suite, baptisée Lara Croft and the Temple of Osiris est disponible, voici ce que nos confrères en ont pensé. Ces derniers jours, Rise of The Tomb Raider , l''épisode de la saga prévu pour 2015 sur Xbox One a refait parler de lui, en raison de nouveaux éléments confirmés par Microsoft et Square Enix. Le constructeur américain sera l''éditeur du jeu, ce qui laisse planer le doute sur l''arrivée du titre sur d''autres plateformes, même si la clause d''exclusivité signée présente une limite dans le temps . Une nouvelle qui est arrivée à occulter le lancement de Lara Croft and the Temple of Osiris sur PS4 , Xbox One et sous Windows.');

-- --------------------------------------------------------

--
-- Structure de la table `produit_mot_poids`
--

CREATE TABLE IF NOT EXISTS `produit_mot_poids` (
  `mot_id` int(11) NOT NULL,
  `produit_id` int(11) NOT NULL,
  `poids` int(11) NOT NULL,
  PRIMARY KEY (`mot_id`,`produit_id`,`poids`),
  KEY `produit_mot_poids_FI_2` (`produit_id`)
) ENGINE=InnoDB DEFAULT CHARSET=utf8;

--
-- Contenu de la table `produit_mot_poids`
--

INSERT INTO `produit_mot_poids` (`mot_id`, `produit_id`, `poids`) VALUES
(1, 1, 10),
(2, 1, 10),
(3, 1, 5),
(4, 1, 6),
(5, 1, 5),
(6, 1, 1),
(7, 1, 1),
(8, 1, 1),
(9, 1, 1),
(1, 2, 10),
(2, 2, 10),
(3, 2, 5),
(4, 2, 6),
(5, 2, 5),
(6, 2, 1),
(7, 2, 1),
(8, 2, 1),
(9, 2, 1),
(12, 2, 5),
(1, 3, 10),
(2, 3, 10),
(3, 3, 5),
(4, 3, 6),
(5, 3, 5),
(6, 3, 1),
(7, 3, 1),
(8, 3, 1),
(9, 3, 1),
(12, 3, 5),
(1, 4, 10),
(2, 4, 10),
(3, 4, 5),
(4, 4, 6),
(5, 4, 5),
(6, 4, 1),
(7, 4, 1),
(8, 4, 1),
(9, 4, 1),
(12, 4, 5),
(15, 5, 10),
(16, 5, 10),
(17, 5, 5),
(18, 5, 5),
(19, 5, 1),
(20, 5, 1),
(21, 5, 1),
(22, 5, 1),
(23, 6, 10),
(24, 6, 10),
(25, 6, 6),
(26, 6, 6),
(27, 6, 7),
(28, 6, 5),
(29, 6, 6),
(30, 6, 7),
(31, 6, 1),
(32, 6, 1),
(33, 6, 1),
(34, 6, 1),
(35, 6, 1),
(36, 6, 1),
(37, 6, 1),
(38, 6, 1),
(39, 6, 1),
(40, 6, 1),
(41, 6, 1),
(42, 6, 1),
(43, 6, 1),
(44, 6, 1),
(45, 6, 1),
(46, 6, 1),
(47, 6, 1),
(48, 6, 1),
(49, 6, 1),
(50, 6, 2),
(51, 6, 1),
(52, 6, 1),
(53, 6, 1),
(54, 6, 1),
(55, 6, 1),
(56, 6, 1),
(57, 6, 1),
(58, 6, 1),
(59, 6, 1),
(60, 6, 1),
(61, 6, 2),
(62, 6, 1),
(63, 6, 1),
(64, 6, 1),
(65, 6, 1),
(66, 6, 1),
(67, 6, 2),
(68, 6, 1),
(69, 6, 1),
(70, 6, 1),
(71, 6, 1),
(72, 6, 1),
(73, 6, 1),
(74, 6, 1),
(75, 6, 1),
(76, 6, 1),
(77, 6, 1),
(78, 6, 1),
(79, 6, 1),
(80, 6, 1),
(81, 6, 1),
(82, 6, 1),
(83, 6, 1),
(84, 6, 1),
(85, 6, 1),
(86, 6, 1),
(87, 6, 1),
(78, 7, 1),
(88, 7, 17),
(89, 7, 10),
(90, 7, 10),
(91, 7, 5),
(92, 7, 5),
(93, 7, 5),
(94, 7, 7),
(95, 7, 5),
(96, 7, 2),
(97, 7, 1),
(98, 7, 1),
(99, 7, 1),
(100, 7, 1),
(101, 7, 1),
(102, 7, 1),
(103, 7, 1),
(104, 7, 1),
(105, 7, 1),
(106, 7, 1),
(107, 7, 1),
(108, 7, 1),
(109, 7, 1),
(110, 7, 1),
(111, 7, 1),
(112, 7, 1),
(113, 7, 1),
(114, 7, 1),
(115, 7, 1),
(116, 7, 1),
(117, 7, 1),
(118, 7, 1),
(119, 7, 1),
(120, 7, 1),
(121, 7, 1),
(122, 7, 1),
(123, 7, 1),
(124, 7, 1),
(125, 7, 1),
(126, 7, 2),
(127, 7, 1),
(128, 7, 1),
(129, 7, 1),
(130, 7, 1),
(131, 7, 1),
(34, 8, 1),
(51, 8, 1),
(101, 8, 1),
(132, 8, 10),
(133, 8, 10),
(134, 8, 10),
(135, 8, 7),
(136, 8, 5),
(137, 8, 5),
(138, 8, 5),
(139, 8, 5),
(140, 8, 5),
(141, 8, 5),
(142, 8, 1),
(143, 8, 2),
(144, 8, 1),
(145, 8, 1),
(146, 8, 1),
(147, 8, 1),
(148, 8, 1),
(149, 8, 1),
(150, 8, 1),
(151, 8, 1),
(152, 8, 1),
(153, 8, 1),
(154, 8, 2),
(155, 8, 1),
(156, 8, 2),
(157, 8, 1),
(158, 8, 1),
(159, 8, 1),
(160, 8, 1),
(161, 8, 1),
(162, 8, 1),
(163, 8, 1),
(164, 8, 1),
(165, 8, 1),
(166, 8, 1),
(167, 8, 1),
(168, 8, 1),
(169, 8, 1),
(170, 8, 1),
(171, 8, 1),
(172, 8, 1),
(173, 8, 2),
(174, 8, 1),
(175, 8, 2),
(176, 8, 1),
(34, 9, 6),
(70, 9, 1),
(150, 9, 2),
(152, 9, 7),
(162, 9, 1),
(177, 9, 10),
(178, 9, 10),
(179, 9, 5),
(180, 9, 7),
(181, 9, 5),
(182, 9, 1),
(183, 9, 1),
(184, 9, 1),
(185, 9, 1),
(186, 9, 1),
(187, 9, 1),
(188, 9, 1),
(189, 9, 2),
(190, 9, 1),
(191, 9, 3),
(192, 9, 1),
(193, 9, 1),
(194, 9, 2),
(195, 9, 1),
(196, 9, 2),
(197, 9, 2),
(198, 9, 1),
(199, 9, 2),
(200, 9, 1),
(201, 9, 1),
(202, 9, 1),
(203, 9, 1),
(204, 9, 1),
(205, 9, 1),
(206, 9, 2),
(207, 9, 1),
(208, 9, 2),
(209, 9, 1),
(210, 9, 1),
(50, 10, 1),
(55, 10, 1),
(68, 10, 1),
(78, 10, 6),
(83, 10, 1),
(126, 10, 1),
(162, 10, 1),
(173, 10, 1),
(211, 10, 10),
(212, 10, 10),
(213, 10, 16),
(214, 10, 10),
(215, 10, 10),
(216, 10, 11),
(217, 10, 16),
(218, 10, 5),
(219, 10, 1),
(220, 10, 1),
(221, 10, 1),
(222, 10, 1),
(223, 10, 1),
(224, 10, 1),
(225, 10, 1),
(226, 10, 1),
(227, 10, 1),
(228, 10, 1),
(229, 10, 1),
(230, 10, 1),
(231, 10, 1),
(232, 10, 1),
(233, 10, 1),
(234, 10, 1),
(235, 10, 1),
(236, 10, 1),
(237, 10, 1),
(238, 10, 1),
(239, 10, 1),
(240, 10, 1),
(241, 10, 1),
(242, 10, 1),
(243, 10, 1),
(244, 10, 1),
(245, 10, 1),
(246, 10, 1),
(247, 10, 2),
(248, 10, 1),
(249, 10, 1),
(250, 10, 1),
(1, 11, 10),
(51, 11, 1),
(99, 11, 1),
(108, 11, 1),
(131, 11, 1),
(162, 11, 1),
(195, 11, 1),
(202, 11, 1),
(238, 11, 1),
(251, 11, 10),
(252, 11, 6),
(253, 11, 6),
(254, 11, 8),
(255, 11, 5),
(256, 11, 5),
(257, 11, 6),
(258, 11, 6),
(259, 11, 5),
(260, 11, 1),
(261, 11, 1),
(262, 11, 1),
(263, 11, 1),
(264, 11, 1),
(265, 11, 1),
(266, 11, 1),
(267, 11, 1),
(268, 11, 1),
(269, 11, 1),
(270, 11, 1),
(271, 11, 1),
(272, 11, 1),
(273, 11, 1),
(274, 11, 1),
(275, 11, 1),
(276, 11, 1),
(277, 11, 1),
(278, 11, 1),
(279, 11, 1),
(280, 11, 1),
(281, 11, 1),
(282, 11, 2),
(283, 11, 1),
(284, 11, 1),
(285, 11, 1),
(286, 11, 3),
(287, 11, 1),
(288, 11, 1),
(289, 11, 1),
(290, 11, 1),
(291, 11, 1),
(292, 11, 1),
(293, 11, 1),
(294, 11, 1),
(50, 12, 1),
(103, 12, 1),
(149, 12, 1),
(150, 12, 1),
(162, 12, 1),
(169, 12, 1),
(177, 12, 10),
(178, 12, 10),
(186, 12, 5),
(196, 12, 1),
(260, 12, 1),
(295, 12, 5),
(296, 12, 5),
(297, 12, 5),
(298, 12, 5),
(299, 12, 6),
(300, 12, 6),
(301, 12, 5),
(302, 12, 1),
(303, 12, 1),
(304, 12, 1),
(305, 12, 1),
(306, 12, 1),
(307, 12, 1),
(308, 12, 1),
(309, 12, 1),
(310, 12, 1),
(311, 12, 1),
(312, 12, 1),
(313, 12, 1),
(314, 12, 1),
(315, 12, 1),
(316, 12, 1),
(317, 12, 1),
(318, 12, 1),
(319, 12, 1),
(320, 12, 3),
(321, 12, 1),
(322, 12, 1),
(323, 12, 1),
(324, 12, 1),
(325, 12, 1),
(326, 12, 1),
(327, 12, 1),
(328, 12, 1),
(329, 12, 1),
(330, 12, 1),
(23, 13, 10),
(24, 13, 10),
(34, 13, 2),
(139, 13, 1),
(146, 13, 1),
(154, 13, 1),
(188, 13, 1),
(331, 13, 5),
(332, 13, 5),
(333, 13, 6),
(334, 13, 5),
(335, 13, 6),
(336, 13, 6),
(337, 13, 1),
(338, 13, 2),
(339, 13, 1),
(340, 13, 2),
(341, 13, 1),
(342, 13, 1),
(343, 13, 2),
(344, 13, 1),
(345, 13, 1),
(346, 13, 1),
(347, 13, 1),
(348, 13, 1),
(349, 13, 1),
(350, 13, 1),
(351, 13, 1),
(352, 13, 1),
(353, 13, 1),
(354, 13, 1),
(355, 13, 3),
(356, 13, 1),
(357, 13, 1),
(358, 13, 1),
(359, 13, 1),
(360, 13, 1),
(361, 13, 1),
(362, 13, 1),
(363, 13, 1),
(364, 13, 1),
(365, 13, 1),
(366, 13, 1),
(367, 13, 1),
(368, 13, 1),
(369, 13, 1),
(370, 13, 2),
(371, 13, 1),
(372, 13, 1),
(373, 13, 1),
(374, 13, 1),
(375, 13, 1),
(376, 13, 1),
(377, 13, 2),
(378, 13, 1),
(379, 13, 1),
(380, 13, 2),
(381, 13, 1),
(382, 13, 1),
(383, 13, 1),
(384, 13, 1),
(385, 13, 1),
(386, 13, 1),
(387, 13, 1),
(388, 13, 1),
(389, 13, 1),
(390, 13, 1),
(391, 13, 1),
(392, 13, 1),
(393, 13, 1),
(394, 13, 1),
(395, 13, 1),
(396, 13, 1),
(397, 13, 1),
(398, 13, 1),
(399, 13, 1),
(400, 13, 1),
(401, 13, 1),
(402, 13, 1),
(403, 13, 1),
(404, 13, 1),
(405, 13, 1),
(1, 14, 10),
(55, 14, 1),
(78, 14, 1),
(142, 14, 1),
(155, 14, 1),
(251, 14, 10),
(261, 14, 1),
(277, 14, 1),
(309, 14, 1),
(331, 14, 1),
(406, 14, 8),
(407, 14, 5),
(408, 14, 5),
(409, 14, 5),
(410, 14, 1),
(411, 14, 1),
(412, 14, 1),
(413, 14, 1),
(414, 14, 1),
(415, 14, 1),
(416, 14, 1),
(417, 14, 1),
(418, 14, 1),
(419, 14, 1),
(420, 14, 1),
(421, 14, 1),
(422, 14, 1),
(423, 14, 1),
(424, 14, 1),
(425, 14, 1),
(426, 14, 1),
(427, 14, 1),
(428, 14, 1),
(429, 14, 1),
(430, 14, 1),
(431, 14, 1),
(432, 14, 1),
(433, 14, 1),
(434, 14, 1),
(435, 14, 1),
(436, 14, 1),
(437, 14, 1),
(438, 14, 1),
(439, 14, 1),
(440, 14, 1),
(441, 14, 1),
(442, 14, 1),
(443, 14, 1),
(444, 14, 1),
(445, 14, 1),
(446, 14, 1),
(447, 14, 1),
(448, 14, 1),
(449, 14, 1),
(450, 14, 1),
(451, 14, 1),
(452, 14, 1),
(453, 14, 1),
(454, 14, 1),
(455, 14, 1),
(456, 14, 1),
(457, 14, 2),
(1, 15, 10),
(5, 15, 1),
(78, 15, 5),
(96, 15, 1),
(193, 15, 2),
(251, 15, 10),
(418, 15, 2),
(440, 15, 1),
(458, 15, 7),
(459, 15, 8),
(460, 15, 7),
(461, 15, 5),
(462, 15, 5),
(463, 15, 2),
(464, 15, 1),
(465, 15, 2),
(466, 15, 1),
(467, 15, 2),
(468, 15, 1),
(469, 15, 1),
(470, 15, 1),
(471, 15, 2),
(472, 15, 1),
(473, 15, 1),
(474, 15, 1),
(475, 15, 1),
(476, 15, 1),
(477, 15, 1),
(478, 15, 1),
(479, 15, 1),
(480, 15, 1),
(481, 15, 1),
(482, 15, 1),
(483, 15, 2),
(484, 15, 1),
(485, 15, 1),
(486, 15, 1),
(487, 15, 1),
(488, 15, 1),
(489, 15, 1),
(490, 15, 1),
(491, 15, 1),
(492, 15, 1),
(493, 15, 1),
(494, 15, 1),
(495, 15, 2),
(496, 15, 1),
(497, 15, 1),
(498, 15, 1),
(499, 15, 1),
(23, 16, 10),
(24, 16, 10),
(32, 16, 1),
(49, 16, 1),
(50, 16, 1),
(58, 16, 1),
(71, 16, 2),
(154, 16, 1),
(161, 16, 1),
(162, 16, 2),
(170, 16, 1),
(206, 16, 1),
(316, 16, 1),
(328, 16, 2),
(409, 16, 3),
(500, 16, 6),
(501, 16, 6),
(502, 16, 6),
(503, 16, 5),
(504, 16, 5),
(505, 16, 5),
(506, 16, 1),
(507, 16, 1),
(508, 16, 1),
(509, 16, 1),
(510, 16, 1),
(511, 16, 1),
(512, 16, 1),
(513, 16, 1),
(514, 16, 1),
(515, 16, 1),
(516, 16, 1),
(517, 16, 1),
(518, 16, 1),
(519, 16, 1),
(520, 16, 1),
(521, 16, 1),
(522, 16, 1),
(523, 16, 1),
(524, 16, 1),
(525, 16, 1),
(526, 16, 1),
(527, 16, 1),
(528, 16, 1),
(529, 16, 1),
(530, 16, 1),
(531, 16, 1),
(532, 16, 1),
(533, 16, 1),
(534, 16, 1),
(535, 16, 1),
(536, 16, 1),
(537, 16, 1),
(538, 16, 1),
(539, 16, 1),
(540, 16, 1),
(541, 16, 1),
(542, 16, 1),
(543, 16, 1),
(544, 16, 1),
(545, 16, 1),
(32, 17, 1),
(78, 17, 1),
(99, 17, 1),
(108, 17, 1),
(132, 17, 10),
(133, 17, 10),
(134, 17, 10),
(162, 17, 1),
(225, 17, 1),
(231, 17, 1),
(240, 17, 1),
(262, 17, 1),
(276, 17, 1),
(292, 17, 1),
(438, 17, 2),
(462, 17, 1),
(472, 17, 1),
(474, 17, 1),
(517, 17, 1),
(546, 17, 6),
(547, 17, 6),
(548, 17, 6),
(549, 17, 7),
(550, 17, 6),
(551, 17, 6),
(552, 17, 5),
(553, 17, 1),
(554, 17, 1),
(555, 17, 1),
(556, 17, 1),
(557, 17, 1),
(558, 17, 1),
(559, 17, 1),
(560, 17, 1),
(561, 17, 1),
(562, 17, 1),
(563, 17, 1),
(564, 17, 1),
(565, 17, 1),
(566, 17, 1),
(567, 17, 1),
(568, 17, 1),
(569, 17, 1),
(570, 17, 1),
(571, 17, 1),
(572, 17, 1),
(573, 17, 1),
(574, 17, 1),
(575, 17, 1),
(576, 17, 1),
(577, 17, 1),
(578, 17, 1),
(579, 17, 1),
(580, 17, 1),
(581, 17, 1),
(582, 17, 1),
(583, 17, 1),
(584, 17, 1),
(585, 17, 1),
(586, 17, 1),
(587, 17, 1),
(588, 17, 1),
(589, 17, 1),
(590, 17, 1),
(591, 17, 1),
(592, 17, 1),
(593, 17, 1),
(594, 17, 1),
(595, 17, 1),
(596, 17, 1),
(597, 17, 1),
(598, 17, 1),
(599, 17, 1),
(600, 17, 1),
(601, 17, 1),
(602, 17, 1),
(603, 17, 1),
(604, 17, 1),
(605, 17, 1),
(606, 17, 1),
(1, 18, 10),
(8, 18, 1),
(95, 18, 1),
(207, 18, 1),
(229, 18, 1),
(251, 18, 10),
(261, 18, 1),
(413, 18, 7),
(418, 18, 1),
(474, 18, 1),
(517, 18, 1),
(607, 18, 6),
(608, 18, 7),
(609, 18, 7),
(610, 18, 5),
(611, 18, 5),
(612, 18, 1),
(613, 18, 2),
(614, 18, 2),
(615, 18, 1),
(616, 18, 1),
(617, 18, 1),
(618, 18, 1),
(619, 18, 1),
(620, 18, 1),
(621, 18, 1),
(622, 18, 1),
(623, 18, 1),
(624, 18, 1),
(625, 18, 1),
(626, 18, 1),
(627, 18, 1),
(628, 18, 1),
(629, 18, 1),
(630, 18, 1),
(631, 18, 1),
(632, 18, 1),
(633, 18, 1),
(634, 18, 1),
(635, 18, 1),
(636, 18, 1),
(637, 18, 1),
(638, 18, 1),
(639, 18, 1),
(640, 18, 1),
(641, 18, 1),
(642, 18, 1),
(643, 18, 1),
(644, 18, 1),
(645, 18, 1),
(646, 18, 1),
(647, 18, 1),
(648, 18, 1),
(649, 18, 1),
(650, 18, 1),
(651, 18, 1),
(34, 19, 1),
(96, 19, 1),
(97, 19, 1),
(114, 19, 1),
(119, 19, 2),
(132, 19, 10),
(133, 19, 10),
(134, 19, 10),
(150, 19, 1),
(162, 19, 1),
(193, 19, 1),
(206, 19, 1),
(261, 19, 7),
(358, 19, 1),
(365, 19, 1),
(405, 19, 1),
(410, 19, 1),
(442, 19, 1),
(533, 19, 1),
(601, 19, 1),
(652, 19, 7),
(653, 19, 7),
(654, 19, 7),
(655, 19, 8),
(656, 19, 5),
(657, 19, 5),
(658, 19, 9),
(659, 19, 5),
(660, 19, 1),
(661, 19, 2),
(662, 19, 1),
(663, 19, 1),
(664, 19, 1),
(665, 19, 1),
(666, 19, 2),
(667, 19, 1),
(668, 19, 1),
(669, 19, 1),
(670, 19, 1),
(671, 19, 1),
(672, 19, 1),
(673, 19, 1),
(674, 19, 1),
(675, 19, 1),
(676, 19, 1),
(677, 19, 1),
(678, 19, 1),
(679, 19, 1),
(680, 19, 1),
(681, 19, 1),
(682, 19, 1),
(683, 19, 1),
(684, 19, 1),
(685, 19, 1),
(686, 19, 1),
(687, 19, 1),
(688, 19, 1),
(689, 19, 1),
(690, 19, 1),
(691, 19, 1),
(692, 19, 1),
(693, 19, 1),
(694, 19, 1),
(695, 19, 1),
(696, 19, 1),
(697, 19, 1),
(698, 19, 1),
(699, 19, 1),
(700, 19, 1),
(701, 19, 1),
(702, 19, 1),
(703, 19, 1),
(704, 19, 1),
(705, 19, 1),
(706, 19, 1),
(707, 19, 1),
(708, 19, 2),
(709, 19, 3),
(710, 19, 2),
(711, 19, 1),
(712, 19, 1),
(713, 19, 1),
(714, 19, 1),
(715, 19, 1),
(716, 19, 1),
(78, 20, 1),
(170, 20, 1),
(199, 20, 1),
(231, 20, 1),
(232, 20, 1),
(257, 20, 5),
(260, 20, 1),
(277, 20, 1),
(310, 20, 1),
(321, 20, 1),
(523, 20, 1),
(643, 20, 1),
(717, 20, 10),
(718, 20, 10),
(719, 20, 5),
(720, 20, 5),
(721, 20, 5),
(722, 20, 6),
(723, 20, 6),
(724, 20, 5),
(725, 20, 1),
(726, 20, 1),
(727, 20, 1),
(728, 20, 1),
(729, 20, 1),
(730, 20, 1),
(731, 20, 1),
(732, 20, 1),
(733, 20, 1),
(734, 20, 1),
(735, 20, 1),
(736, 20, 1),
(737, 20, 1),
(738, 20, 1),
(739, 20, 1),
(740, 20, 1),
(741, 20, 1),
(742, 20, 1),
(743, 20, 1),
(744, 20, 1),
(745, 20, 1),
(746, 20, 1),
(747, 20, 1),
(748, 20, 1),
(749, 20, 1),
(750, 20, 1),
(751, 20, 1),
(752, 20, 1),
(753, 20, 1),
(754, 20, 1),
(755, 20, 1),
(756, 20, 2),
(757, 20, 1),
(758, 20, 1),
(759, 20, 1),
(760, 20, 1),
(761, 20, 1),
(762, 20, 1),
(763, 20, 1),
(764, 20, 1),
(765, 20, 1),
(30, 21, 5),
(34, 21, 2),
(65, 21, 1),
(155, 21, 1),
(269, 21, 1),
(432, 21, 1),
(442, 21, 1),
(523, 21, 1),
(537, 21, 5),
(544, 21, 5),
(766, 21, 10),
(767, 21, 10),
(768, 21, 6),
(769, 21, 6),
(770, 21, 5),
(771, 21, 5),
(772, 21, 1),
(773, 21, 1),
(774, 21, 1),
(775, 21, 1),
(776, 21, 1),
(777, 21, 1),
(778, 21, 1),
(779, 21, 2),
(780, 21, 1),
(781, 21, 1),
(782, 21, 1),
(783, 21, 1),
(784, 21, 1),
(785, 21, 1),
(786, 21, 1),
(8, 22, 1),
(83, 22, 1),
(132, 22, 10),
(133, 22, 10),
(134, 22, 10),
(150, 22, 1),
(169, 22, 1),
(208, 22, 1),
(230, 22, 1),
(257, 22, 6),
(260, 22, 1),
(294, 22, 1),
(311, 22, 1),
(317, 22, 1),
(366, 22, 1),
(489, 22, 1),
(497, 22, 7),
(544, 22, 1),
(580, 22, 1),
(593, 22, 1),
(601, 22, 1),
(612, 22, 6),
(682, 22, 1),
(687, 22, 1),
(688, 22, 1),
(787, 22, 8),
(788, 22, 6),
(789, 22, 5),
(790, 22, 5),
(791, 22, 1),
(792, 22, 1),
(793, 22, 1),
(794, 22, 1),
(795, 22, 1),
(796, 22, 1),
(797, 22, 1),
(798, 22, 1),
(799, 22, 1),
(800, 22, 1),
(801, 22, 1),
(802, 22, 1),
(803, 22, 1),
(804, 22, 2),
(805, 22, 1),
(806, 22, 1),
(807, 22, 1),
(808, 22, 1),
(809, 22, 1),
(810, 22, 1),
(811, 22, 1),
(812, 22, 1),
(813, 22, 1),
(814, 22, 1),
(815, 22, 1),
(816, 22, 1),
(817, 22, 1),
(818, 22, 1),
(819, 22, 1),
(820, 22, 1),
(821, 22, 1),
(822, 22, 1),
(823, 22, 1),
(41, 23, 6),
(109, 23, 1),
(132, 23, 10),
(133, 23, 10),
(134, 23, 10),
(150, 23, 1),
(191, 23, 1),
(230, 23, 1),
(240, 23, 1),
(260, 23, 1),
(292, 23, 1),
(306, 23, 2),
(421, 23, 1),
(542, 23, 2),
(621, 23, 1),
(634, 23, 1),
(669, 23, 1),
(679, 23, 1),
(687, 23, 1),
(816, 23, 1),
(824, 23, 5),
(825, 23, 5),
(826, 23, 7),
(827, 23, 6),
(828, 23, 5),
(829, 23, 5),
(830, 23, 1),
(831, 23, 1),
(832, 23, 1),
(833, 23, 1),
(834, 23, 1),
(835, 23, 1),
(836, 23, 1),
(837, 23, 1),
(838, 23, 1),
(839, 23, 1),
(840, 23, 1),
(841, 23, 1),
(842, 23, 1),
(843, 23, 1),
(844, 23, 1),
(845, 23, 1),
(846, 23, 1),
(847, 23, 1),
(848, 23, 1),
(849, 23, 1),
(850, 23, 2),
(851, 23, 1),
(852, 23, 1),
(853, 23, 1),
(854, 23, 1),
(855, 23, 1),
(856, 23, 1),
(857, 23, 1),
(858, 23, 1),
(859, 23, 1),
(860, 23, 1),
(861, 23, 1),
(862, 23, 1),
(863, 23, 1),
(864, 23, 1),
(865, 23, 1),
(866, 23, 1),
(867, 23, 1),
(868, 23, 1),
(869, 23, 1),
(870, 23, 1),
(871, 23, 1),
(872, 23, 1),
(873, 23, 1),
(874, 23, 1),
(875, 23, 1),
(49, 24, 1),
(83, 24, 1),
(131, 24, 2),
(177, 24, 10),
(178, 24, 10),
(193, 24, 1),
(282, 24, 1),
(330, 24, 1),
(432, 24, 1),
(438, 24, 1),
(591, 24, 1),
(592, 24, 1),
(643, 24, 7),
(720, 24, 1),
(833, 24, 1),
(850, 24, 1),
(876, 24, 7),
(877, 24, 6),
(878, 24, 5),
(879, 24, 6),
(880, 24, 5),
(881, 24, 1),
(882, 24, 1),
(883, 24, 1),
(884, 24, 1),
(885, 24, 1),
(886, 24, 1),
(887, 24, 1),
(888, 24, 1),
(889, 24, 1),
(890, 24, 1),
(891, 24, 1),
(892, 24, 1),
(893, 24, 1),
(894, 24, 1),
(895, 24, 1),
(896, 24, 1),
(897, 24, 1),
(898, 24, 2),
(899, 24, 1),
(900, 24, 1),
(901, 24, 1),
(902, 24, 1),
(903, 24, 1),
(904, 24, 1),
(905, 24, 1),
(906, 24, 1),
(907, 24, 1),
(908, 24, 1),
(150, 25, 1),
(238, 25, 1),
(492, 25, 5),
(766, 25, 10),
(767, 25, 10),
(771, 25, 1),
(909, 25, 5),
(910, 25, 5),
(911, 25, 6),
(912, 25, 5),
(913, 25, 6),
(914, 25, 6),
(915, 25, 1),
(916, 25, 1),
(917, 25, 1),
(918, 25, 1),
(919, 25, 1),
(920, 25, 1),
(921, 25, 1),
(922, 25, 1),
(923, 25, 1),
(924, 25, 1),
(1, 26, 10),
(83, 26, 1),
(109, 26, 1),
(155, 26, 1),
(207, 26, 1),
(231, 26, 1),
(240, 26, 1),
(251, 26, 10),
(306, 26, 1),
(441, 26, 1),
(484, 26, 1),
(610, 26, 1),
(649, 26, 1),
(691, 26, 1),
(745, 26, 1),
(785, 26, 1),
(799, 26, 6),
(869, 26, 1),
(888, 26, 1),
(920, 26, 1),
(925, 26, 7),
(926, 26, 7),
(927, 26, 7),
(928, 26, 5),
(929, 26, 5),
(930, 26, 1),
(931, 26, 1),
(932, 26, 1),
(933, 26, 1),
(934, 26, 1),
(935, 26, 1),
(936, 26, 1),
(937, 26, 1),
(938, 26, 1),
(939, 26, 1),
(940, 26, 1),
(941, 26, 1),
(942, 26, 1),
(943, 26, 1),
(944, 26, 1),
(945, 26, 1),
(946, 26, 1),
(947, 26, 1),
(948, 26, 1),
(949, 26, 1),
(950, 26, 1),
(951, 26, 1),
(952, 26, 1),
(953, 26, 1),
(954, 26, 1),
(955, 26, 1),
(956, 26, 1),
(1, 27, 10),
(5, 27, 1),
(8, 27, 1),
(13, 27, 1),
(49, 27, 1),
(95, 27, 1),
(207, 27, 1),
(231, 27, 1),
(251, 27, 10),
(256, 27, 1),
(257, 27, 1),
(261, 27, 1),
(410, 27, 1),
(434, 27, 1),
(442, 27, 1),
(467, 27, 2),
(495, 27, 1),
(497, 27, 8),
(612, 27, 1),
(620, 27, 6),
(688, 27, 1),
(773, 27, 1),
(789, 27, 1),
(816, 27, 1),
(833, 27, 1),
(854, 27, 6),
(911, 27, 1),
(957, 27, 7),
(958, 27, 6),
(959, 27, 6),
(960, 27, 6),
(961, 27, 6),
(962, 27, 1),
(963, 27, 1),
(964, 27, 1),
(965, 27, 2),
(966, 27, 1),
(967, 27, 1),
(968, 27, 1),
(969, 27, 1),
(970, 27, 1),
(971, 27, 1),
(972, 27, 1),
(973, 27, 1),
(974, 27, 1),
(975, 27, 1),
(976, 27, 1),
(977, 27, 1),
(978, 27, 1),
(979, 27, 1),
(980, 27, 2),
(981, 27, 1),
(982, 27, 1),
(983, 27, 1),
(984, 27, 1),
(985, 27, 1),
(986, 27, 1),
(64, 28, 6),
(130, 28, 1),
(154, 28, 1),
(215, 28, 1),
(357, 28, 1),
(533, 28, 1),
(541, 28, 1),
(578, 28, 1),
(640, 28, 1),
(687, 28, 1),
(766, 28, 10),
(767, 28, 10),
(771, 28, 2),
(987, 28, 6),
(988, 28, 5),
(989, 28, 5),
(990, 28, 1),
(991, 28, 1),
(992, 28, 1),
(993, 28, 1),
(994, 28, 1),
(995, 28, 1),
(996, 28, 1),
(997, 28, 1),
(998, 28, 1),
(999, 28, 1),
(1000, 28, 1),
(1001, 28, 1),
(1002, 28, 2),
(1003, 28, 1),
(1004, 28, 1),
(1005, 28, 1),
(1006, 28, 1),
(1007, 28, 1),
(1008, 28, 1),
(8, 29, 1),
(34, 29, 1),
(41, 29, 1),
(68, 29, 1),
(96, 29, 1),
(99, 29, 1),
(132, 29, 10),
(133, 29, 10),
(134, 29, 10),
(180, 29, 6),
(240, 29, 1),
(257, 29, 1),
(361, 29, 1),
(467, 29, 1),
(474, 29, 6),
(525, 29, 1),
(567, 29, 6),
(590, 29, 1),
(634, 29, 1),
(695, 29, 1),
(738, 29, 1),
(850, 29, 1),
(915, 29, 1),
(1009, 29, 6),
(1010, 29, 6),
(1011, 29, 5),
(1012, 29, 6),
(1013, 29, 1),
(1014, 29, 1),
(1015, 29, 1),
(1016, 29, 1),
(1017, 29, 1),
(1018, 29, 1),
(1019, 29, 1),
(1020, 29, 1),
(1021, 29, 1),
(1022, 29, 1),
(1023, 29, 1),
(1024, 29, 1),
(1025, 29, 1),
(1026, 29, 1),
(1027, 29, 1),
(1028, 29, 1),
(1029, 29, 1),
(1030, 29, 1),
(1031, 29, 1),
(1032, 29, 1),
(1033, 29, 1),
(50, 30, 2),
(64, 30, 1),
(83, 30, 1),
(154, 30, 1),
(169, 30, 2),
(177, 30, 10),
(178, 30, 10),
(193, 30, 1),
(240, 30, 1),
(270, 30, 1),
(392, 30, 1),
(409, 30, 7),
(489, 30, 1),
(497, 30, 1),
(542, 30, 1),
(589, 30, 1),
(641, 30, 2),
(698, 30, 1),
(708, 30, 1),
(811, 30, 1),
(1035, 30, 7),
(1036, 30, 7),
(1037, 30, 6),
(1038, 30, 6),
(1039, 30, 5),
(1040, 30, 6),
(1041, 30, 1),
(1042, 30, 4),
(1043, 30, 2),
(1044, 30, 1),
(1045, 30, 1),
(1046, 30, 1),
(1047, 30, 1),
(1048, 30, 1),
(1049, 30, 1),
(1050, 30, 1),
(1051, 30, 1),
(1052, 30, 1),
(1053, 30, 1),
(1054, 30, 1),
(1055, 30, 1),
(1056, 30, 1),
(1057, 30, 1),
(1058, 30, 1),
(1059, 30, 1),
(1060, 30, 1),
(1061, 30, 1),
(1062, 30, 1),
(1063, 30, 1),
(1064, 30, 1),
(1065, 30, 1),
(1066, 30, 1),
(8, 31, 1),
(34, 31, 1),
(94, 31, 1),
(99, 31, 1),
(103, 31, 1),
(135, 31, 8),
(138, 31, 2),
(139, 31, 6),
(141, 31, 6),
(162, 31, 1),
(164, 31, 1),
(172, 31, 1),
(173, 31, 1),
(190, 31, 1),
(209, 31, 1),
(240, 31, 1),
(246, 31, 1),
(300, 31, 1),
(375, 31, 1),
(378, 31, 1),
(418, 31, 5),
(432, 31, 1),
(434, 31, 1),
(570, 31, 1),
(717, 31, 10),
(718, 31, 10),
(736, 31, 1),
(773, 31, 2),
(785, 31, 1),
(833, 31, 1),
(884, 31, 1),
(889, 31, 1),
(946, 31, 1),
(954, 31, 1),
(1067, 31, 5),
(1068, 31, 5),
(1069, 31, 1),
(1070, 31, 1),
(1071, 31, 1),
(1072, 31, 1),
(1073, 31, 1),
(1074, 31, 1),
(1075, 31, 2),
(1076, 31, 1),
(1077, 31, 1),
(1078, 31, 1),
(1079, 31, 1),
(1080, 31, 1),
(1081, 31, 1),
(1082, 31, 1),
(1083, 31, 1),
(1084, 31, 1),
(1085, 31, 1),
(1086, 31, 1),
(1087, 31, 1),
(1088, 31, 1),
(1089, 31, 1),
(9, 32, 1),
(23, 32, 10),
(24, 32, 10),
(64, 32, 1),
(142, 32, 1),
(173, 32, 1),
(195, 32, 1),
(377, 32, 1),
(462, 32, 1),
(474, 32, 1),
(517, 32, 1),
(553, 32, 6),
(580, 32, 1),
(735, 32, 1),
(791, 32, 1),
(868, 32, 1),
(889, 32, 1),
(1084, 32, 5),
(1090, 32, 5),
(1091, 32, 5),
(1092, 32, 5),
(1093, 32, 5),
(1094, 32, 5),
(1095, 32, 5),
(1096, 32, 1),
(1097, 32, 1),
(1098, 32, 1),
(1099, 32, 1),
(1100, 32, 1),
(1101, 32, 1),
(1102, 32, 1),
(1103, 32, 1),
(1104, 32, 1),
(1105, 32, 1),
(1106, 32, 1),
(1107, 32, 1),
(1108, 32, 1),
(1109, 32, 1),
(1110, 32, 1),
(1111, 32, 1),
(1112, 32, 1),
(1113, 32, 1),
(1114, 32, 1),
(1115, 32, 1),
(1116, 32, 1),
(23, 33, 10),
(24, 33, 10),
(32, 33, 1),
(155, 33, 1),
(302, 33, 1),
(329, 33, 1),
(338, 33, 6),
(400, 33, 1),
(410, 33, 1),
(442, 33, 1),
(612, 33, 1),
(651, 33, 5),
(691, 33, 1),
(920, 33, 1),
(1046, 33, 1),
(1094, 33, 1),
(1117, 33, 5),
(1118, 33, 5),
(1119, 33, 6),
(1120, 33, 5),
(1121, 33, 1),
(1122, 33, 1),
(1123, 33, 1),
(1124, 33, 1),
(1125, 33, 1),
(1126, 33, 1),
(1127, 33, 1),
(1128, 33, 1),
(1129, 33, 1),
(1130, 33, 1),
(1131, 33, 1),
(1132, 33, 1),
(1133, 33, 1),
(1134, 33, 1),
(1135, 33, 1),
(25, 34, 1),
(29, 34, 6),
(103, 34, 1),
(104, 34, 1),
(173, 34, 1),
(195, 34, 1),
(385, 34, 1),
(402, 34, 1),
(462, 34, 1),
(492, 34, 1),
(512, 34, 6),
(591, 34, 1),
(717, 34, 10),
(718, 34, 10),
(726, 34, 1),
(727, 34, 1),
(738, 34, 1),
(763, 34, 1),
(773, 34, 1),
(791, 34, 1),
(1116, 34, 1),
(1136, 34, 5),
(1137, 34, 7),
(1138, 34, 6),
(1139, 34, 6),
(1140, 34, 7),
(1141, 34, 1),
(1142, 34, 1),
(1143, 34, 1),
(1144, 34, 1),
(1145, 34, 1),
(1146, 34, 1),
(1147, 34, 1),
(1148, 34, 1),
(1149, 34, 1),
(1150, 34, 1),
(1151, 34, 1),
(1152, 34, 1),
(1153, 34, 1),
(1154, 34, 1),
(1155, 34, 1),
(1156, 34, 1),
(1157, 34, 1),
(1158, 34, 1),
(1159, 34, 1),
(1160, 34, 1),
(1161, 34, 1),
(1162, 34, 1),
(1163, 34, 1),
(1164, 34, 1),
(1165, 34, 1),
(1166, 34, 1),
(1167, 34, 1),
(1168, 34, 1),
(1169, 34, 1),
(1170, 34, 1),
(1171, 34, 2),
(1172, 34, 1),
(1173, 34, 1),
(1174, 34, 1),
(1175, 34, 1),
(1176, 34, 1),
(1177, 34, 1),
(1178, 34, 1),
(9, 35, 1),
(25, 35, 1),
(132, 35, 10),
(133, 35, 10),
(134, 35, 10),
(143, 35, 1),
(181, 35, 5),
(195, 35, 1),
(225, 35, 1),
(230, 35, 1),
(237, 35, 1),
(418, 35, 1),
(440, 35, 1),
(462, 35, 1),
(474, 35, 1),
(601, 35, 1),
(661, 35, 1),
(670, 35, 1),
(673, 35, 1),
(687, 35, 2),
(789, 35, 1),
(793, 35, 1),
(809, 35, 1),
(842, 35, 1),
(868, 35, 1),
(954, 35, 1),
(964, 35, 1),
(1116, 35, 1),
(1137, 35, 1),
(1179, 35, 7),
(1180, 35, 6),
(1181, 35, 7),
(1182, 35, 6),
(1183, 35, 1),
(1184, 35, 1),
(1185, 35, 1),
(1186, 35, 1),
(1187, 35, 1),
(1188, 35, 1),
(1189, 35, 1),
(1190, 35, 1),
(1191, 35, 1),
(1192, 35, 1),
(1193, 35, 1),
(1194, 35, 1),
(1195, 35, 1),
(1196, 35, 1),
(1197, 35, 1),
(1198, 35, 1),
(1199, 35, 1),
(1200, 35, 1),
(1201, 35, 1),
(1202, 35, 1),
(1203, 35, 1),
(1204, 35, 1),
(8, 36, 1),
(23, 36, 10),
(24, 36, 10),
(25, 36, 6),
(31, 36, 1),
(83, 36, 1),
(109, 36, 1),
(143, 36, 1),
(149, 36, 8),
(154, 36, 1),
(170, 36, 1),
(174, 36, 1),
(195, 36, 1),
(300, 36, 7),
(357, 36, 1),
(370, 36, 1),
(405, 36, 1),
(538, 36, 1),
(538, 36, 5),
(544, 36, 1),
(643, 36, 1),
(662, 36, 1),
(707, 36, 1),
(736, 36, 1),
(754, 36, 1),
(1092, 36, 1),
(1105, 36, 1),
(1108, 36, 1),
(1137, 36, 1),
(1205, 36, 8),
(1206, 36, 6),
(1207, 36, 1),
(1208, 36, 1),
(1209, 36, 2),
(1210, 36, 1),
(1211, 36, 1),
(1212, 36, 1),
(1213, 36, 1),
(1214, 36, 1),
(1215, 36, 1),
(1216, 36, 1),
(1217, 36, 1),
(1218, 36, 1),
(1219, 36, 1),
(1220, 36, 1),
(1221, 36, 1),
(1222, 36, 1),
(1223, 36, 1),
(1224, 36, 1),
(1225, 36, 1),
(1226, 36, 1),
(1227, 36, 1),
(1228, 36, 1),
(1229, 36, 1),
(1230, 36, 1),
(1231, 36, 1),
(1232, 36, 1),
(1233, 36, 1),
(1234, 36, 1),
(1235, 36, 1),
(1236, 36, 1),
(1237, 36, 1),
(1238, 36, 1),
(1239, 36, 2),
(1240, 36, 1),
(64, 37, 2),
(70, 37, 2),
(155, 37, 1),
(190, 37, 1),
(231, 37, 1),
(240, 37, 1),
(300, 37, 7),
(321, 37, 1),
(418, 37, 1),
(512, 37, 1),
(544, 37, 5),
(601, 37, 1),
(662, 37, 1),
(687, 37, 1),
(717, 37, 10),
(718, 37, 10),
(741, 37, 1),
(755, 37, 1),
(869, 37, 1),
(1030, 37, 1),
(1105, 37, 5),
(1108, 37, 1),
(1116, 37, 1),
(1173, 37, 1),
(1241, 37, 6),
(1242, 37, 2),
(1243, 37, 1),
(1244, 37, 1),
(1245, 37, 2),
(1246, 37, 1),
(1247, 37, 1),
(1248, 37, 1),
(1249, 37, 1),
(1250, 37, 1),
(1251, 37, 1),
(1252, 37, 2),
(1253, 37, 1),
(1254, 37, 1),
(1255, 37, 1),
(1256, 37, 2),
(1257, 37, 1),
(1258, 37, 1),
(1259, 37, 1),
(1260, 37, 1),
(1261, 37, 1),
(1262, 37, 1),
(1263, 37, 1),
(1264, 37, 1),
(1265, 37, 1),
(1266, 37, 1),
(1267, 37, 1),
(1268, 37, 1),
(1269, 37, 1),
(1270, 37, 1),
(1271, 37, 1),
(1272, 37, 2),
(1273, 37, 1),
(1274, 37, 1),
(1275, 37, 1),
(1276, 37, 1),
(1277, 37, 1),
(1278, 37, 1),
(1279, 37, 1),
(1280, 37, 1),
(495, 38, 1),
(523, 38, 1),
(657, 38, 1),
(766, 38, 10),
(767, 38, 10),
(791, 38, 1),
(910, 38, 1),
(911, 38, 6),
(920, 38, 1),
(1084, 38, 5),
(1092, 38, 5),
(1115, 38, 5),
(1239, 38, 5),
(1271, 38, 1),
(1281, 38, 6),
(1282, 38, 5),
(1283, 38, 6),
(1284, 38, 1),
(1285, 38, 1),
(1286, 38, 1),
(1287, 38, 1),
(1288, 38, 1),
(1289, 38, 1),
(1290, 38, 1),
(1291, 38, 1),
(1292, 38, 1),
(1293, 38, 1),
(1294, 38, 1),
(1295, 38, 1),
(1296, 38, 1),
(1297, 38, 1),
(1298, 38, 1),
(1299, 38, 1),
(1300, 38, 1),
(1301, 38, 1),
(1302, 38, 1),
(1303, 38, 1),
(1304, 38, 1),
(1305, 38, 1),
(1306, 38, 1),
(1307, 38, 1),
(1, 39, 10),
(5, 39, 1),
(8, 39, 1),
(25, 39, 1),
(83, 39, 1),
(99, 39, 1),
(108, 39, 1),
(137, 39, 1),
(140, 39, 1),
(251, 39, 10),
(256, 39, 1),
(290, 39, 2),
(309, 39, 1),
(407, 39, 5),
(409, 39, 5),
(428, 39, 1),
(467, 39, 1),
(490, 39, 1),
(495, 39, 1),
(514, 39, 1),
(589, 39, 1),
(620, 39, 1),
(716, 39, 1),
(773, 39, 1),
(829, 39, 1),
(934, 39, 1),
(968, 39, 2),
(1048, 39, 1),
(1154, 39, 1),
(1308, 39, 8),
(1309, 39, 8),
(1310, 39, 7),
(1311, 39, 7),
(1312, 39, 1),
(1313, 39, 1),
(1314, 39, 1),
(1315, 39, 1),
(1316, 39, 1),
(1317, 39, 2),
(1318, 39, 1),
(1319, 39, 1),
(1320, 39, 2),
(1321, 39, 2),
(1322, 39, 1),
(1323, 39, 1),
(1324, 39, 1),
(1325, 39, 1),
(1326, 39, 1),
(1327, 39, 1),
(1328, 39, 1),
(1329, 39, 1),
(1330, 39, 1),
(1331, 39, 1),
(1332, 39, 1),
(1333, 39, 1),
(1334, 39, 1),
(1335, 39, 1),
(1336, 39, 1),
(1337, 39, 1),
(1338, 39, 1),
(1339, 39, 1),
(1340, 39, 1),
(1341, 39, 1),
(1342, 39, 1),
(1343, 39, 1);

-- --------------------------------------------------------

--
-- Doublure de structure pour la vue `profil_score_utilisateur`
--
CREATE TABLE IF NOT EXISTS `profil_score_utilisateur` (
`utilisateur_a_id` int(11)
,`utilisateur_b_id` bigint(11)
,`score` double(17,0)
);
-- --------------------------------------------------------

--
-- Doublure de structure pour la vue `profil_score_utilisateur_produit`
--
CREATE TABLE IF NOT EXISTS `profil_score_utilisateur_produit` (
`utilisateur_id` int(11)
,`produit_id` int(11)
,`score` bigint(11)
);
-- --------------------------------------------------------

--
-- Structure de la table `requete`
--

CREATE TABLE IF NOT EXISTS `requete` (
  `requete_id` int(11) NOT NULL,
  `mot_id` int(11) NOT NULL,
  `utilisateur_id` int(11) NOT NULL,
  PRIMARY KEY (`requete_id`,`mot_id`,`utilisateur_id`),
  KEY `requete_FI_1` (`mot_id`),
  KEY `requete_FI_2` (`utilisateur_id`)
) ENGINE=InnoDB DEFAULT CHARSET=utf8;

--
-- Contenu de la table `requete`
--

INSERT INTO `requete` (`requete_id`, `mot_id`, `utilisateur_id`) VALUES
(1, 5, 1),
(2, 5, 1),
(3, 5, 1),
(6, 5, 1),
(7, 5, 1),
(3, 6, 1),
(6, 6, 1),
(7, 6, 1),
(3, 14, 1),
(6, 14, 1),
(7, 14, 1);

-- --------------------------------------------------------

--
-- Doublure de structure pour la vue `score_mot_produit`
--
CREATE TABLE IF NOT EXISTS `score_mot_produit` (
`mot_id` int(11)
,`produit_id` int(11)
,`score` decimal(10,2)
);
-- --------------------------------------------------------

--
-- Doublure de structure pour la vue `score_utilisateurs_age`
--
CREATE TABLE IF NOT EXISTS `score_utilisateurs_age` (
`id_1` int(11)
,`id_2` int(11)
,`score` int(11)
);
-- --------------------------------------------------------

--
-- Doublure de structure pour la vue `score_utilisateurs_interet`
--
CREATE TABLE IF NOT EXISTS `score_utilisateurs_interet` (
`id_1` int(11)
,`id_2` int(11)
,`score` double
);
-- --------------------------------------------------------

--
-- Doublure de structure pour la vue `score_utilisateurs_ip`
--
CREATE TABLE IF NOT EXISTS `score_utilisateurs_ip` (
`id_1` int(11)
,`id_2` int(11)
,`score` int(11)
);
-- --------------------------------------------------------

--
-- Structure de la table `utilisateur`
--

CREATE TABLE IF NOT EXISTS `utilisateur` (
  `id` int(11) NOT NULL AUTO_INCREMENT,
  `nom` varchar(100) DEFAULT NULL,
  `prenom` varchar(100) DEFAULT NULL,
  `mail` varchar(100) DEFAULT NULL,
  `age` int(11) DEFAULT NULL,
  `ville` varchar(100) DEFAULT NULL,
  `ip_id` int(11) DEFAULT NULL,
  PRIMARY KEY (`id`),
  KEY `utilisateur_FI_1` (`ip_id`)
) ENGINE=InnoDB  DEFAULT CHARSET=utf8 AUTO_INCREMENT=79 ;

--
-- Contenu de la table `utilisateur`
--

INSERT INTO `utilisateur` (`id`, `nom`, `prenom`, `mail`, `age`, `ville`, `ip_id`) VALUES
(1, 'fe5dbbcea5ce7e2988b8c69bcfdfde8904aabc1f', 'fe5dbbcea5ce7e2988b8c69bcfdfde8904aabc1f', 'masseix.kevin@gmail.com', 68, 'Paris', 49),
(2, 'c1dfd96eea8cc2b62785275bca38ac261256e278', '1b6453892473a467d07372d45eb05abc2031647a', 'masseix.kevin@gmail.com', 75, 'Paris', 50),
(3, '1b6453892473a467d07372d45eb05abc2031647a', '356a192b7913b04c54574d18c28d46e6395428ab', 'masseix.kevin@gmail.com', 51, 'Paris', 51),
(4, 'c1dfd96eea8cc2b62785275bca38ac261256e278', '1b6453892473a467d07372d45eb05abc2031647a', 'masseix.kevin@gmail.com', 27, 'Paris', 52),
(5, 'fe5dbbcea5ce7e2988b8c69bcfdfde8904aabc1f', 'b6589fc6ab0dc82cf12099d1c2d40ab994e8410c', 'masseix.kevin@gmail.com', 42, 'Paris', 53),
(6, 'fe5dbbcea5ce7e2988b8c69bcfdfde8904aabc1f', '0ade7c2cf97f75d009975f4d720d1fa6c19f4897', 'masseix.kevin@gmail.com', 72, 'Paris', 54),
(7, '77de68daecd823babbb58edb1c8e14d7106e83bb', '356a192b7913b04c54574d18c28d46e6395428ab', 'masseix.kevin@gmail.com', 12, 'Paris', 55),
(8, 'da4b9237bacccdf19c0760cab7aec4a8359010b0', '1b6453892473a467d07372d45eb05abc2031647a', 'masseix.kevin@gmail.com', 24, 'Paris', 56),
(9, '0ade7c2cf97f75d009975f4d720d1fa6c19f4897', 'b6589fc6ab0dc82cf12099d1c2d40ab994e8410c', 'masseix.kevin@gmail.com', 19, 'Paris', 57),
(10, '0ade7c2cf97f75d009975f4d720d1fa6c19f4897', 'fe5dbbcea5ce7e2988b8c69bcfdfde8904aabc1f', 'masseix.kevin@gmail.com', 21, 'Paris', 58),
(11, 'ac3478d69a3c81fa62e60f5c3696165a4e5e6ac4', '0ade7c2cf97f75d009975f4d720d1fa6c19f4897', 'masseix.kevin@gmail.com', 55, 'Paris', 59),
(12, 'c1dfd96eea8cc2b62785275bca38ac261256e278', 'da4b9237bacccdf19c0760cab7aec4a8359010b0', 'masseix.kevin@gmail.com', 52, 'Paris', 60),
(13, '1b6453892473a467d07372d45eb05abc2031647a', 'c1dfd96eea8cc2b62785275bca38ac261256e278', 'masseix.kevin@gmail.com', 47, 'Paris', 61),
(14, '356a192b7913b04c54574d18c28d46e6395428ab', 'b6589fc6ab0dc82cf12099d1c2d40ab994e8410c', 'masseix.kevin@gmail.com', 22, 'Paris', 62),
(15, '356a192b7913b04c54574d18c28d46e6395428ab', 'ac3478d69a3c81fa62e60f5c3696165a4e5e6ac4', 'masseix.kevin@gmail.com', 59, 'Paris', 63),
(16, '1b6453892473a467d07372d45eb05abc2031647a', 'b6589fc6ab0dc82cf12099d1c2d40ab994e8410c', 'masseix.kevin@gmail.com', 73, 'Paris', 64),
(17, '1b6453892473a467d07372d45eb05abc2031647a', 'ac3478d69a3c81fa62e60f5c3696165a4e5e6ac4', 'masseix.kevin@gmail.com', 20, 'Paris', 65),
(18, 'c1dfd96eea8cc2b62785275bca38ac261256e278', 'b6589fc6ab0dc82cf12099d1c2d40ab994e8410c', 'masseix.kevin@gmail.com', 56, 'Paris', 66),
(19, '902ba3cda1883801594b6e1b452790cc53948fda', '356a192b7913b04c54574d18c28d46e6395428ab', 'masseix.kevin@gmail.com', 54, 'Paris', 67),
(20, '77de68daecd823babbb58edb1c8e14d7106e83bb', 'b6589fc6ab0dc82cf12099d1c2d40ab994e8410c', 'masseix.kevin@gmail.com', 11, 'Paris', 68),
(21, '356a192b7913b04c54574d18c28d46e6395428ab', 'b6589fc6ab0dc82cf12099d1c2d40ab994e8410c', 'masseix.kevin@gmail.com', 44, 'Paris', 69),
(22, 'fe5dbbcea5ce7e2988b8c69bcfdfde8904aabc1f', '902ba3cda1883801594b6e1b452790cc53948fda', 'masseix.kevin@gmail.com', 68, 'Paris', 70),
(23, 'ac3478d69a3c81fa62e60f5c3696165a4e5e6ac4', 'fe5dbbcea5ce7e2988b8c69bcfdfde8904aabc1f', 'masseix.kevin@gmail.com', 25, 'Paris', 71),
(24, '902ba3cda1883801594b6e1b452790cc53948fda', 'c1dfd96eea8cc2b62785275bca38ac261256e278', 'masseix.kevin@gmail.com', 61, 'Paris', 72),
(25, 'b6589fc6ab0dc82cf12099d1c2d40ab994e8410c', '0ade7c2cf97f75d009975f4d720d1fa6c19f4897', 'masseix.kevin@gmail.com', 49, 'Paris', 73),
(26, 'ac3478d69a3c81fa62e60f5c3696165a4e5e6ac4', 'ac3478d69a3c81fa62e60f5c3696165a4e5e6ac4', 'masseix.kevin@gmail.com', 33, 'Paris', 74),
(27, 'b1d5781111d84f7b3fe45a0852e59758cd7a87e5', 'ac3478d69a3c81fa62e60f5c3696165a4e5e6ac4', 'masseix.kevin@gmail.com', 19, 'Paris', 75),
(28, 'fe5dbbcea5ce7e2988b8c69bcfdfde8904aabc1f', 'ac3478d69a3c81fa62e60f5c3696165a4e5e6ac4', 'masseix.kevin@gmail.com', 25, 'Paris', 76),
(29, 'fe5dbbcea5ce7e2988b8c69bcfdfde8904aabc1f', '0ade7c2cf97f75d009975f4d720d1fa6c19f4897', 'masseix.kevin@gmail.com', 46, 'Paris', 77),
(30, 'b1d5781111d84f7b3fe45a0852e59758cd7a87e5', 'b1d5781111d84f7b3fe45a0852e59758cd7a87e5', 'masseix.kevin@gmail.com', 14, 'Paris', 78),
(31, 'b6589fc6ab0dc82cf12099d1c2d40ab994e8410c', 'c1dfd96eea8cc2b62785275bca38ac261256e278', 'masseix.kevin@gmail.com', 33, 'Paris', 79),
(32, 'da4b9237bacccdf19c0760cab7aec4a8359010b0', 'da4b9237bacccdf19c0760cab7aec4a8359010b0', 'masseix.kevin@gmail.com', 11, 'Paris', 80),
(33, 'ac3478d69a3c81fa62e60f5c3696165a4e5e6ac4', '77de68daecd823babbb58edb1c8e14d7106e83bb', 'masseix.kevin@gmail.com', 74, 'Paris', 81),
(34, 'c1dfd96eea8cc2b62785275bca38ac261256e278', 'fe5dbbcea5ce7e2988b8c69bcfdfde8904aabc1f', 'masseix.kevin@gmail.com', 19, 'Paris', 82),
(35, '356a192b7913b04c54574d18c28d46e6395428ab', 'c1dfd96eea8cc2b62785275bca38ac261256e278', 'masseix.kevin@gmail.com', 11, 'Paris', 83),
(36, 'da4b9237bacccdf19c0760cab7aec4a8359010b0', '356a192b7913b04c54574d18c28d46e6395428ab', 'masseix.kevin@gmail.com', 15, 'Paris', 84),
(37, '902ba3cda1883801594b6e1b452790cc53948fda', '356a192b7913b04c54574d18c28d46e6395428ab', 'masseix.kevin@gmail.com', 46, 'Paris', 85),
(38, '902ba3cda1883801594b6e1b452790cc53948fda', '1b6453892473a467d07372d45eb05abc2031647a', 'masseix.kevin@gmail.com', 31, 'Paris', 86),
(39, '0ade7c2cf97f75d009975f4d720d1fa6c19f4897', '356a192b7913b04c54574d18c28d46e6395428ab', 'masseix.kevin@gmail.com', 70, 'Paris', 87),
(40, '902ba3cda1883801594b6e1b452790cc53948fda', 'da4b9237bacccdf19c0760cab7aec4a8359010b0', 'masseix.kevin@gmail.com', 56, 'Paris', 88),
(41, 'da4b9237bacccdf19c0760cab7aec4a8359010b0', 'fe5dbbcea5ce7e2988b8c69bcfdfde8904aabc1f', 'masseix.kevin@gmail.com', 12, 'Paris', 89),
(42, '1b6453892473a467d07372d45eb05abc2031647a', 'b1d5781111d84f7b3fe45a0852e59758cd7a87e5', 'masseix.kevin@gmail.com', 16, 'Paris', 90),
(43, 'b1d5781111d84f7b3fe45a0852e59758cd7a87e5', 'b6589fc6ab0dc82cf12099d1c2d40ab994e8410c', 'masseix.kevin@gmail.com', 57, 'Paris', 91),
(44, 'fe5dbbcea5ce7e2988b8c69bcfdfde8904aabc1f', '77de68daecd823babbb58edb1c8e14d7106e83bb', 'masseix.kevin@gmail.com', 72, 'Paris', 92),
(45, 'da4b9237bacccdf19c0760cab7aec4a8359010b0', 'c1dfd96eea8cc2b62785275bca38ac261256e278', 'masseix.kevin@gmail.com', 35, 'Paris', 93),
(46, '77de68daecd823babbb58edb1c8e14d7106e83bb', '0ade7c2cf97f75d009975f4d720d1fa6c19f4897', 'masseix.kevin@gmail.com', 62, 'Paris', 94),
(47, 'b6589fc6ab0dc82cf12099d1c2d40ab994e8410c', '0ade7c2cf97f75d009975f4d720d1fa6c19f4897', 'masseix.kevin@gmail.com', 23, 'Paris', 95),
(48, '77de68daecd823babbb58edb1c8e14d7106e83bb', 'fe5dbbcea5ce7e2988b8c69bcfdfde8904aabc1f', 'masseix.kevin@gmail.com', 45, 'Paris', 96),
(49, 'b6589fc6ab0dc82cf12099d1c2d40ab994e8410c', '77de68daecd823babbb58edb1c8e14d7106e83bb', 'masseix.kevin@gmail.com', 17, 'Paris', 97),
(50, 'b6589fc6ab0dc82cf12099d1c2d40ab994e8410c', '902ba3cda1883801594b6e1b452790cc53948fda', 'masseix.kevin@gmail.com', 69, 'Paris', 98),
(51, 'fe5dbbcea5ce7e2988b8c69bcfdfde8904aabc1f', '77de68daecd823babbb58edb1c8e14d7106e83bb', 'masseix.kevin@gmail.com', 32, 'Paris', 99),
(52, '902ba3cda1883801594b6e1b452790cc53948fda', 'ac3478d69a3c81fa62e60f5c3696165a4e5e6ac4', 'masseix.kevin@gmail.com', 74, 'Paris', 100),
(53, '0ade7c2cf97f75d009975f4d720d1fa6c19f4897', 'b6589fc6ab0dc82cf12099d1c2d40ab994e8410c', 'masseix.kevin@gmail.com', 36, 'Paris', 101),
(54, 'b6589fc6ab0dc82cf12099d1c2d40ab994e8410c', 'da4b9237bacccdf19c0760cab7aec4a8359010b0', 'masseix.kevin@gmail.com', 40, 'Paris', 102),
(55, '0ade7c2cf97f75d009975f4d720d1fa6c19f4897', '1b6453892473a467d07372d45eb05abc2031647a', 'masseix.kevin@gmail.com', 41, 'Paris', 103),
(56, 'da4b9237bacccdf19c0760cab7aec4a8359010b0', '1b6453892473a467d07372d45eb05abc2031647a', 'masseix.kevin@gmail.com', 64, 'Paris', 104),
(57, '0ade7c2cf97f75d009975f4d720d1fa6c19f4897', '356a192b7913b04c54574d18c28d46e6395428ab', 'masseix.kevin@gmail.com', 15, 'Paris', 105),
(58, '0ade7c2cf97f75d009975f4d720d1fa6c19f4897', '0ade7c2cf97f75d009975f4d720d1fa6c19f4897', 'masseix.kevin@gmail.com', 19, 'Paris', 106),
(59, '902ba3cda1883801594b6e1b452790cc53948fda', '77de68daecd823babbb58edb1c8e14d7106e83bb', 'masseix.kevin@gmail.com', 32, 'Paris', 107),
(60, '77de68daecd823babbb58edb1c8e14d7106e83bb', 'ac3478d69a3c81fa62e60f5c3696165a4e5e6ac4', 'masseix.kevin@gmail.com', 23, 'Paris', 108),
(61, '0ade7c2cf97f75d009975f4d720d1fa6c19f4897', 'b6589fc6ab0dc82cf12099d1c2d40ab994e8410c', 'masseix.kevin@gmail.com', 71, 'Paris', 109),
(62, '356a192b7913b04c54574d18c28d46e6395428ab', 'ac3478d69a3c81fa62e60f5c3696165a4e5e6ac4', 'masseix.kevin@gmail.com', 71, 'Paris', 110),
(63, 'b6589fc6ab0dc82cf12099d1c2d40ab994e8410c', '0ade7c2cf97f75d009975f4d720d1fa6c19f4897', 'masseix.kevin@gmail.com', 25, 'Paris', 111),
(64, 'da4b9237bacccdf19c0760cab7aec4a8359010b0', '902ba3cda1883801594b6e1b452790cc53948fda', 'masseix.kevin@gmail.com', 67, 'Paris', 112),
(65, 'da4b9237bacccdf19c0760cab7aec4a8359010b0', 'c1dfd96eea8cc2b62785275bca38ac261256e278', 'masseix.kevin@gmail.com', 36, 'Paris', 113),
(66, 'c1dfd96eea8cc2b62785275bca38ac261256e278', 'fe5dbbcea5ce7e2988b8c69bcfdfde8904aabc1f', 'masseix.kevin@gmail.com', 33, 'Paris', 114),
(67, 'ac3478d69a3c81fa62e60f5c3696165a4e5e6ac4', 'da4b9237bacccdf19c0760cab7aec4a8359010b0', 'masseix.kevin@gmail.com', 73, 'Paris', 115),
(68, 'da4b9237bacccdf19c0760cab7aec4a8359010b0', 'b1d5781111d84f7b3fe45a0852e59758cd7a87e5', 'masseix.kevin@gmail.com', 34, 'Paris', 116),
(69, 'fe5dbbcea5ce7e2988b8c69bcfdfde8904aabc1f', '902ba3cda1883801594b6e1b452790cc53948fda', 'masseix.kevin@gmail.com', 39, 'Paris', 117),
(70, '1b6453892473a467d07372d45eb05abc2031647a', 'b1d5781111d84f7b3fe45a0852e59758cd7a87e5', 'masseix.kevin@gmail.com', 35, 'Paris', 118),
(71, '1b6453892473a467d07372d45eb05abc2031647a', 'fe5dbbcea5ce7e2988b8c69bcfdfde8904aabc1f', 'masseix.kevin@gmail.com', 48, 'Paris', 119),
(72, 'ac3478d69a3c81fa62e60f5c3696165a4e5e6ac4', 'da4b9237bacccdf19c0760cab7aec4a8359010b0', 'masseix.kevin@gmail.com', 52, 'Paris', 120),
(73, '356a192b7913b04c54574d18c28d46e6395428ab', '77de68daecd823babbb58edb1c8e14d7106e83bb', 'masseix.kevin@gmail.com', 60, 'Paris', 121),
(74, 'b6589fc6ab0dc82cf12099d1c2d40ab994e8410c', '1b6453892473a467d07372d45eb05abc2031647a', 'masseix.kevin@gmail.com', 12, 'Paris', 122),
(75, '902ba3cda1883801594b6e1b452790cc53948fda', '1b6453892473a467d07372d45eb05abc2031647a', 'masseix.kevin@gmail.com', 44, 'Paris', 123),
(76, '902ba3cda1883801594b6e1b452790cc53948fda', '0ade7c2cf97f75d009975f4d720d1fa6c19f4897', 'masseix.kevin@gmail.com', 61, 'Paris', 124),
(77, '1b6453892473a467d07372d45eb05abc2031647a', 'c1dfd96eea8cc2b62785275bca38ac261256e278', 'masseix.kevin@gmail.com', 61, 'Paris', 125),
(78, 'b1d5781111d84f7b3fe45a0852e59758cd7a87e5', '356a192b7913b04c54574d18c28d46e6395428ab', 'masseix.kevin@gmail.com', 44, 'Paris', 126);

-- --------------------------------------------------------

--
-- Structure de la table `utilisateur_interet`
--

CREATE TABLE IF NOT EXISTS `utilisateur_interet` (
  `utilisateur_id` int(11) NOT NULL,
  `interet_id` int(11) NOT NULL,
  `valeur` int(11) DEFAULT NULL,
  PRIMARY KEY (`utilisateur_id`,`interet_id`),
  KEY `utilisateur_interet_FI_1` (`interet_id`)
) ENGINE=InnoDB DEFAULT CHARSET=utf8;

--
-- Contenu de la table `utilisateur_interet`
--

INSERT INTO `utilisateur_interet` (`utilisateur_id`, `interet_id`, `valeur`) VALUES
(1, 1, 0),
(1, 3, 8),
(1, 4, 3),
(2, 2, 8),
(2, 5, 3),
(3, 1, 7),
(3, 4, 8),
(3, 5, 10),
(4, 2, 4),
(4, 3, 4),
(4, 5, 9),
(5, 1, 1),
(5, 3, 10),
(5, 4, 8),
(7, 2, 5),
(7, 3, 8),
(7, 4, 2),
(8, 1, 6),
(9, 1, 1),
(9, 2, 2),
(9, 4, 8),
(9, 5, 0),
(11, 4, 3),
(12, 1, 3),
(12, 3, 4),
(14, 1, 1),
(15, 1, 4),
(16, 1, 1),
(16, 3, 8),
(18, 2, 8),
(20, 1, 1),
(20, 5, 5),
(21, 2, 2),
(21, 3, 0),
(22, 1, 2),
(22, 2, 8),
(22, 3, 8),
(22, 5, 9),
(23, 2, 0),
(23, 3, 1),
(24, 2, 1),
(25, 3, 6),
(25, 5, 0),
(26, 1, 7),
(27, 1, 1),
(28, 1, 7),
(30, 2, 5),
(30, 4, 8),
(30, 5, 1),
(31, 2, 5),
(32, 4, 7),
(33, 2, 2),
(33, 3, 5),
(33, 5, 8),
(34, 2, 10),
(35, 2, 8),
(36, 2, 7),
(37, 1, 1),
(38, 4, 6),
(38, 5, 7),
(39, 2, 7),
(40, 4, 3),
(40, 5, 5),
(41, 5, 0),
(43, 2, 0),
(43, 4, 4),
(44, 2, 6),
(44, 3, 7),
(45, 3, 0),
(46, 1, 4),
(47, 3, 8),
(48, 2, 5),
(49, 2, 1),
(50, 4, 7),
(51, 1, 10),
(51, 2, 3),
(52, 1, 8),
(52, 2, 7),
(52, 3, 7),
(53, 3, 7),
(53, 5, 5),
(54, 1, 10),
(54, 3, 5),
(54, 5, 10),
(56, 1, 4),
(56, 3, 8),
(57, 1, 6),
(57, 2, 8),
(57, 4, 10),
(59, 3, 4),
(60, 5, 9),
(61, 1, 9),
(61, 2, 2),
(61, 4, 9),
(62, 1, 7),
(62, 3, 7),
(63, 2, 8),
(63, 4, 4),
(63, 5, 0),
(64, 2, 4),
(65, 1, 3),
(65, 3, 6),
(65, 4, 9),
(66, 2, 0),
(67, 2, 8),
(67, 4, 0),
(68, 4, 4),
(69, 5, 1),
(70, 1, 0),
(71, 2, 8),
(71, 3, 1),
(71, 4, 2),
(71, 5, 3),
(72, 3, 5),
(73, 4, 1),
(74, 3, 10),
(75, 1, 4),
(75, 2, 0),
(75, 4, 5),
(75, 5, 4),
(78, 1, 2),
(78, 4, 8);

-- --------------------------------------------------------

--
-- Structure de la table `utilisateur_produit`
--

CREATE TABLE IF NOT EXISTS `utilisateur_produit` (
  `utilisateur_id` int(11) NOT NULL,
  `produit_id` int(11) NOT NULL,
  `note` int(11) DEFAULT NULL,
  `achat` tinyint(1) DEFAULT '0',
  `nombre_visite` int(11) DEFAULT '0',
  PRIMARY KEY (`utilisateur_id`,`produit_id`),
  KEY `utilisateur_produit_FI_1` (`produit_id`)
) ENGINE=InnoDB DEFAULT CHARSET=utf8;

--
-- Contenu de la table `utilisateur_produit`
--

INSERT INTO `utilisateur_produit` (`utilisateur_id`, `produit_id`, `note`, `achat`, `nombre_visite`) VALUES
(2, 1, NULL, 1, 0),
(4, 1, 7, 1, 0),
(4, 2, NULL, 0, 5),
(5, 1, 8, 1, 4),
(12, 1, NULL, 0, 0),
(12, 2, NULL, 0, 3),
(12, 5, NULL, 0, 1),
(13, 4, NULL, 0, 0),
(13, 5, NULL, 0, 3),
(14, 1, NULL, 0, 0),
(14, 2, NULL, 0, 1),
(14, 3, NULL, 0, 1),
(14, 5, NULL, 0, 3),
(15, 2, 3, 1, 0),
(15, 3, NULL, 1, 1),
(15, 4, 7, 1, 0),
(16, 1, NULL, 0, 2),
(16, 3, NULL, 0, 4),
(16, 4, NULL, 0, 5),
(17, 2, NULL, 0, 1),
(17, 5, 2, 1, 3),
(18, 1, NULL, 0, 0),
(19, 2, NULL, 0, 3),
(19, 3, NULL, 0, 1),
(19, 7, NULL, 0, 1),
(19, 8, 1, 1, 1),
(19, 12, NULL, 0, 4),
(19, 13, NULL, 0, 3),
(19, 14, 5, 1, 4),
(19, 17, NULL, 0, 4),
(19, 22, NULL, 0, 0),
(19, 23, NULL, 0, 0),
(19, 25, NULL, 0, 4),
(19, 26, NULL, 0, 1),
(19, 28, NULL, 0, 0),
(19, 30, NULL, 0, 5),
(19, 31, NULL, 0, 2),
(19, 35, NULL, 0, 2),
(19, 36, NULL, 0, 0),
(19, 38, 8, 1, 4),
(20, 3, 9, 1, 5),
(20, 5, NULL, 1, 5),
(20, 6, NULL, 0, 2),
(20, 7, 7, 1, 2),
(20, 8, NULL, 1, 2),
(20, 12, NULL, 0, 5),
(20, 13, NULL, 0, 3),
(20, 16, NULL, 1, 1),
(20, 20, NULL, 0, 0),
(20, 22, 8, 1, 3),
(20, 23, 10, 1, 5),
(20, 25, NULL, 0, 0),
(20, 26, NULL, 0, 4),
(20, 28, NULL, 0, 5),
(20, 30, 4, 1, 2),
(20, 31, NULL, 0, 5),
(20, 32, 10, 1, 2),
(20, 33, NULL, 0, 1),
(20, 36, NULL, 0, 5),
(20, 38, NULL, 0, 4),
(21, 1, NULL, 0, 3),
(21, 2, NULL, 0, 3),
(21, 3, NULL, 1, 4),
(21, 7, 8, 1, 1),
(21, 8, 9, 1, 3),
(21, 9, NULL, 0, 2),
(21, 10, NULL, 0, 2),
(21, 11, NULL, 0, 4),
(21, 12, NULL, 0, 2),
(21, 21, NULL, 0, 0),
(21, 23, NULL, 0, 2),
(21, 24, NULL, 0, 1),
(21, 26, NULL, 0, 3),
(21, 27, NULL, 0, 0),
(21, 28, NULL, 0, 5),
(21, 34, NULL, 0, 0),
(21, 35, 9, 1, 4),
(21, 39, NULL, 0, 5),
(22, 2, 4, 1, 1),
(22, 5, NULL, 1, 5),
(22, 8, 5, 1, 2),
(22, 11, NULL, 0, 4),
(22, 12, NULL, 0, 3),
(22, 14, NULL, 0, 1),
(22, 17, NULL, 0, 0),
(22, 20, 0, 1, 2),
(22, 23, NULL, 1, 4),
(22, 26, NULL, 0, 3),
(22, 31, NULL, 0, 2),
(22, 33, NULL, 0, 5),
(22, 39, 10, 1, 1),
(23, 3, NULL, 0, 5),
(23, 6, NULL, 0, 3),
(23, 7, NULL, 0, 0),
(23, 8, NULL, 0, 0),
(23, 10, NULL, 0, 3),
(23, 15, NULL, 0, 1),
(23, 20, NULL, 0, 2),
(23, 24, NULL, 0, 1),
(23, 25, NULL, 0, 3),
(23, 27, NULL, 0, 2),
(23, 29, NULL, 0, 1),
(23, 30, NULL, 1, 3),
(23, 31, NULL, 0, 0),
(23, 35, 7, 1, 4),
(23, 39, NULL, 1, 3),
(24, 1, NULL, 0, 0),
(24, 3, NULL, 0, 0),
(24, 10, NULL, 0, 2),
(24, 12, 9, 1, 4),
(24, 13, NULL, 0, 3),
(24, 21, NULL, 0, 3),
(24, 22, NULL, 1, 3),
(24, 23, NULL, 0, 0),
(24, 27, 6, 1, 2),
(24, 28, NULL, 0, 4),
(24, 30, 8, 1, 1),
(24, 33, NULL, 0, 1),
(24, 37, NULL, 0, 0),
(24, 39, NULL, 0, 1),
(25, 1, NULL, 0, 5),
(25, 2, NULL, 1, 2),
(25, 3, NULL, 0, 4),
(25, 5, 7, 1, 1),
(25, 6, NULL, 0, 4),
(25, 7, NULL, 0, 3),
(25, 13, NULL, 0, 1),
(25, 14, NULL, 1, 1),
(25, 15, NULL, 1, 1),
(25, 16, 8, 1, 5),
(25, 20, NULL, 0, 3),
(25, 21, NULL, 0, 1),
(25, 22, 2, 1, 3),
(25, 23, NULL, 0, 2),
(25, 33, NULL, 0, 1),
(25, 34, NULL, 0, 2),
(25, 35, NULL, 0, 2),
(26, 2, NULL, 0, 4),
(26, 3, NULL, 0, 1),
(26, 4, NULL, 0, 0),
(26, 5, NULL, 0, 2),
(26, 10, NULL, 0, 0),
(26, 11, NULL, 1, 2),
(26, 14, NULL, 0, 2),
(26, 18, NULL, 0, 3),
(26, 20, NULL, 0, 5),
(26, 25, 1, 1, 5),
(26, 26, NULL, 0, 5),
(26, 29, NULL, 0, 5),
(26, 30, NULL, 0, 5),
(26, 31, NULL, 0, 0),
(26, 32, 4, 1, 2),
(26, 34, 8, 1, 4),
(26, 35, NULL, 0, 1),
(26, 36, NULL, 0, 4),
(26, 38, 9, 1, 2),
(27, 3, 9, 1, 3),
(27, 4, NULL, 0, 2),
(27, 6, NULL, 0, 2),
(27, 15, NULL, 0, 4),
(27, 16, NULL, 0, 3),
(27, 17, 9, 1, 3),
(27, 19, NULL, 0, 5),
(27, 20, 3, 1, 2),
(27, 22, 1, 1, 3),
(27, 26, NULL, 1, 5),
(27, 31, NULL, 0, 4),
(27, 32, NULL, 0, 2),
(27, 35, NULL, 0, 5),
(27, 36, NULL, 0, 2),
(27, 37, 10, 1, 3),
(28, 1, 3, 1, 2),
(28, 3, 5, 1, 2),
(28, 6, NULL, 0, 5),
(28, 10, NULL, 0, 5),
(28, 16, NULL, 0, 2),
(28, 19, NULL, 0, 5),
(28, 23, NULL, 0, 1),
(28, 24, NULL, 0, 2),
(28, 25, NULL, 0, 5),
(28, 26, NULL, 0, 2),
(28, 28, 5, 1, 2),
(28, 32, NULL, 0, 5),
(28, 34, NULL, 0, 4),
(28, 37, NULL, 0, 3),
(28, 39, 8, 1, 2),
(29, 1, NULL, 0, 1),
(29, 5, NULL, 0, 1),
(29, 6, NULL, 0, 2),
(29, 8, NULL, 0, 1),
(29, 10, NULL, 0, 0),
(29, 12, 2, 1, 3),
(29, 14, NULL, 1, 2),
(29, 19, NULL, 0, 1),
(29, 21, NULL, 0, 1),
(29, 23, NULL, 0, 0),
(29, 27, NULL, 0, 0),
(29, 32, NULL, 1, 1),
(29, 35, 0, 1, 3),
(29, 36, 1, 1, 1),
(29, 38, NULL, 0, 0),
(29, 39, 10, 1, 2),
(30, 3, NULL, 0, 0),
(30, 6, NULL, 0, 2),
(30, 7, NULL, 0, 4),
(30, 8, NULL, 0, 1),
(30, 11, NULL, 0, 2),
(30, 12, NULL, 0, 1),
(30, 14, 7, 1, 4),
(30, 19, 8, 1, 3),
(30, 20, 6, 1, 2),
(30, 22, NULL, 0, 5),
(30, 29, NULL, 0, 1),
(30, 30, 6, 1, 1),
(30, 31, NULL, 0, 3),
(30, 34, NULL, 0, 4),
(30, 36, NULL, 0, 0),
(30, 38, 4, 1, 4),
(31, 6, NULL, 0, 1),
(31, 7, NULL, 0, 4),
(31, 11, NULL, 0, 2),
(31, 13, NULL, 0, 3),
(31, 16, NULL, 1, 5),
(31, 17, NULL, 0, 0),
(31, 19, NULL, 0, 2),
(31, 22, NULL, 0, 1),
(31, 24, NULL, 0, 2),
(31, 25, NULL, 0, 1),
(31, 27, NULL, 1, 4),
(31, 29, NULL, 0, 5),
(31, 31, NULL, 1, 3),
(31, 32, NULL, 0, 0),
(31, 33, 1, 1, 3),
(31, 35, NULL, 0, 0),
(31, 37, NULL, 0, 2),
(31, 38, NULL, 0, 3),
(32, 2, NULL, 0, 2),
(32, 3, NULL, 0, 4),
(32, 4, NULL, 0, 1),
(32, 5, NULL, 0, 2),
(32, 9, NULL, 0, 0),
(32, 15, NULL, 0, 5),
(32, 16, NULL, 0, 3),
(32, 18, NULL, 0, 0),
(32, 19, 0, 1, 4),
(32, 20, NULL, 1, 4),
(32, 21, NULL, 1, 4),
(32, 24, NULL, 0, 0),
(32, 25, NULL, 0, 0),
(32, 29, NULL, 0, 1),
(32, 32, NULL, 0, 2),
(32, 35, 3, 1, 1),
(32, 38, 10, 1, 1),
(33, 4, NULL, 0, 5),
(33, 9, 0, 1, 3),
(33, 11, NULL, 0, 0),
(33, 12, NULL, 0, 4),
(33, 13, NULL, 0, 3),
(33, 14, 10, 1, 1),
(33, 15, NULL, 0, 4),
(33, 17, NULL, 0, 3),
(33, 18, NULL, 0, 4),
(33, 19, NULL, 0, 5),
(33, 21, NULL, 0, 4),
(33, 22, 6, 1, 5),
(33, 23, NULL, 0, 1),
(33, 24, NULL, 1, 1),
(33, 28, NULL, 0, 3),
(33, 30, 8, 1, 5),
(33, 33, NULL, 0, 5),
(33, 34, NULL, 0, 5),
(34, 2, NULL, 1, 2),
(34, 4, NULL, 0, 1),
(34, 5, NULL, 0, 2),
(34, 6, NULL, 0, 5),
(34, 8, NULL, 0, 0),
(34, 12, NULL, 0, 2),
(34, 16, NULL, 0, 3),
(34, 20, NULL, 0, 2),
(34, 21, NULL, 0, 1),
(34, 24, NULL, 0, 1),
(34, 26, NULL, 0, 1),
(34, 31, NULL, 1, 2),
(34, 34, NULL, 0, 2),
(34, 35, 2, 1, 4),
(34, 37, NULL, 0, 5),
(35, 2, NULL, 0, 0),
(35, 4, NULL, 0, 0),
(35, 5, NULL, 1, 4),
(35, 10, 6, 1, 5),
(35, 11, NULL, 0, 2),
(35, 12, NULL, 0, 3),
(35, 13, NULL, 0, 2),
(35, 16, NULL, 0, 5),
(35, 20, 7, 1, 1),
(35, 22, NULL, 0, 5),
(35, 24, NULL, 0, 0),
(35, 27, 1, 1, 2),
(35, 32, NULL, 0, 5),
(35, 33, 8, 1, 2),
(35, 39, 0, 1, 1),
(36, 6, NULL, 0, 4),
(36, 7, NULL, 0, 4),
(36, 9, NULL, 0, 0),
(36, 13, NULL, 1, 2),
(36, 16, 10, 1, 4),
(36, 17, NULL, 0, 2),
(36, 20, NULL, 0, 3),
(36, 21, 10, 1, 3),
(36, 24, NULL, 0, 3),
(36, 28, 2, 1, 3),
(36, 30, NULL, 0, 1),
(36, 32, NULL, 0, 3),
(36, 33, NULL, 0, 2),
(36, 35, NULL, 0, 2),
(36, 36, NULL, 0, 3),
(36, 37, NULL, 0, 2),
(36, 38, 10, 1, 5),
(36, 39, NULL, 0, 0),
(37, 1, 7, 1, 4),
(37, 3, NULL, 0, 5),
(37, 5, NULL, 1, 2),
(37, 9, NULL, 0, 0),
(37, 13, 2, 1, 2),
(37, 14, NULL, 0, 1),
(37, 16, NULL, 0, 4),
(37, 18, NULL, 0, 2),
(37, 19, NULL, 0, 0),
(37, 20, NULL, 0, 5),
(37, 21, 8, 1, 4),
(37, 24, 8, 1, 2),
(37, 29, NULL, 0, 3),
(37, 33, NULL, 0, 0),
(37, 35, NULL, 1, 3),
(37, 38, NULL, 0, 3),
(38, 6, NULL, 0, 1),
(38, 9, NULL, 0, 5),
(38, 12, NULL, 0, 0),
(38, 14, 10, 1, 4),
(38, 19, NULL, 0, 0),
(38, 20, NULL, 0, 0),
(38, 22, 7, 1, 4),
(38, 23, NULL, 0, 4),
(38, 27, NULL, 0, 3),
(38, 30, NULL, 0, 5),
(38, 31, 10, 1, 3),
(38, 32, 4, 1, 2),
(38, 34, 10, 1, 3),
(38, 39, NULL, 0, 0),
(39, 2, NULL, 1, 5),
(39, 3, NULL, 0, 0),
(39, 4, NULL, 0, 5),
(39, 5, NULL, 0, 0),
(39, 7, 9, 1, 2),
(39, 11, 1, 1, 5),
(39, 13, NULL, 0, 5),
(39, 16, 6, 1, 5),
(39, 18, NULL, 1, 4),
(39, 21, NULL, 0, 0),
(39, 22, NULL, 0, 1),
(39, 23, NULL, 1, 3),
(39, 24, NULL, 0, 4),
(39, 25, 5, 1, 1),
(39, 27, NULL, 0, 1),
(39, 31, NULL, 0, 0),
(39, 34, NULL, 0, 3),
(39, 36, NULL, 0, 3),
(39, 38, NULL, 0, 3),
(40, 2, 10, 1, 2),
(40, 3, NULL, 0, 0),
(40, 4, NULL, 0, 2),
(40, 6, NULL, 0, 3),
(40, 10, NULL, 0, 2),
(40, 13, 8, 1, 4),
(40, 15, NULL, 1, 3),
(40, 16, NULL, 0, 5),
(40, 19, NULL, 1, 2),
(40, 21, NULL, 0, 1),
(40, 28, NULL, 0, 3),
(40, 30, NULL, 0, 4),
(40, 31, 5, 1, 2),
(40, 32, NULL, 0, 0),
(40, 34, NULL, 0, 1),
(40, 37, NULL, 0, 3),
(40, 38, 6, 1, 4),
(40, 39, 6, 1, 3),
(41, 2, NULL, 0, 1),
(41, 7, NULL, 0, 2),
(41, 9, 4, 1, 2),
(41, 11, NULL, 0, 0),
(41, 14, 10, 1, 2),
(41, 17, NULL, 0, 4),
(41, 21, NULL, 0, 5),
(41, 23, 5, 1, 5),
(41, 26, NULL, 0, 0),
(41, 27, 2, 1, 4),
(41, 28, NULL, 0, 4),
(41, 29, NULL, 0, 5),
(41, 30, 3, 1, 3),
(41, 32, NULL, 0, 1),
(41, 34, 1, 1, 4),
(41, 35, 10, 1, 5),
(41, 37, NULL, 0, 4),
(41, 39, NULL, 0, 3),
(42, 5, NULL, 0, 2),
(42, 6, NULL, 0, 1),
(42, 9, NULL, 0, 5),
(42, 10, 0, 1, 1),
(42, 13, NULL, 0, 4),
(42, 17, 0, 1, 3),
(42, 22, NULL, 0, 1),
(42, 23, NULL, 1, 4),
(42, 24, NULL, 0, 4),
(42, 26, NULL, 0, 4),
(42, 28, 8, 1, 5),
(42, 32, 1, 1, 3),
(42, 37, 1, 1, 4),
(42, 38, NULL, 0, 5),
(42, 39, 8, 1, 5),
(43, 1, 1, 1, 5),
(43, 4, NULL, 0, 2),
(43, 5, NULL, 0, 0),
(43, 10, NULL, 0, 0),
(43, 11, NULL, 0, 1),
(43, 12, NULL, 0, 4),
(43, 14, NULL, 0, 3),
(43, 17, NULL, 0, 2),
(43, 18, NULL, 0, 2),
(43, 21, 2, 1, 3),
(43, 23, NULL, 0, 4),
(43, 24, NULL, 0, 0),
(43, 27, NULL, 1, 4),
(43, 29, NULL, 0, 3),
(43, 30, NULL, 1, 1),
(43, 31, 2, 1, 4),
(43, 33, NULL, 0, 0),
(43, 34, NULL, 0, 5),
(43, 36, NULL, 1, 1),
(44, 1, NULL, 0, 3),
(44, 2, NULL, 0, 0),
(44, 4, NULL, 0, 3),
(44, 5, NULL, 0, 3),
(44, 8, NULL, 1, 5),
(44, 11, NULL, 1, 3),
(44, 12, 7, 1, 2),
(44, 14, NULL, 0, 2),
(44, 15, NULL, 0, 0),
(44, 16, NULL, 0, 0),
(44, 19, NULL, 0, 5),
(44, 20, NULL, 0, 1),
(44, 21, 1, 1, 1),
(44, 24, 8, 1, 5),
(44, 26, NULL, 1, 4),
(44, 29, NULL, 0, 1),
(44, 31, NULL, 0, 2),
(44, 32, 1, 1, 1),
(44, 35, NULL, 0, 0),
(44, 37, NULL, 1, 5),
(44, 39, NULL, 0, 0),
(45, 1, NULL, 0, 4),
(45, 2, NULL, 0, 2),
(45, 3, NULL, 0, 0),
(45, 8, NULL, 1, 2),
(45, 11, NULL, 0, 4),
(45, 12, NULL, 0, 4),
(45, 13, NULL, 0, 4),
(45, 15, 4, 1, 2),
(45, 17, NULL, 0, 1),
(45, 20, NULL, 0, 5),
(45, 22, 1, 1, 4),
(45, 23, NULL, 0, 1),
(45, 25, NULL, 0, 2),
(45, 26, NULL, 1, 2),
(45, 27, NULL, 0, 5),
(45, 28, 3, 1, 2),
(45, 29, NULL, 0, 2),
(45, 32, 6, 1, 3),
(45, 34, NULL, 0, 0),
(45, 35, NULL, 0, 4),
(45, 37, NULL, 0, 1),
(45, 38, NULL, 1, 5),
(46, 1, NULL, 0, 0),
(46, 2, NULL, 0, 4),
(46, 3, NULL, 0, 4),
(46, 4, NULL, 0, 4),
(46, 5, NULL, 0, 0),
(46, 9, NULL, 0, 4),
(46, 10, NULL, 0, 5),
(46, 19, NULL, 0, 5),
(46, 20, 8, 1, 3),
(46, 21, NULL, 0, 0),
(46, 22, NULL, 0, 2),
(46, 26, NULL, 0, 0),
(46, 27, 8, 1, 3),
(46, 29, 7, 1, 3),
(46, 34, NULL, 0, 0),
(46, 37, NULL, 0, 2),
(46, 39, 9, 1, 2),
(47, 2, NULL, 0, 4),
(47, 4, 7, 1, 1),
(47, 5, NULL, 0, 3),
(47, 6, 4, 1, 3),
(47, 7, NULL, 0, 4),
(47, 8, NULL, 0, 4),
(47, 10, 1, 1, 1),
(47, 11, NULL, 0, 0),
(47, 12, 7, 1, 3),
(47, 14, 10, 1, 2),
(47, 18, NULL, 0, 0),
(47, 19, NULL, 0, 4),
(47, 20, NULL, 0, 0),
(47, 21, NULL, 0, 0),
(47, 22, NULL, 0, 3),
(47, 23, NULL, 1, 4),
(47, 24, NULL, 0, 2),
(47, 26, NULL, 0, 2),
(47, 29, 6, 1, 4),
(47, 34, NULL, 1, 5),
(48, 2, NULL, 0, 5),
(48, 3, NULL, 0, 2),
(48, 5, NULL, 0, 2),
(48, 6, NULL, 0, 2),
(48, 7, 7, 1, 2),
(48, 8, NULL, 0, 5),
(48, 9, NULL, 0, 1),
(48, 12, NULL, 0, 0),
(48, 14, 3, 1, 4),
(48, 16, NULL, 0, 1),
(48, 17, NULL, 0, 0),
(48, 19, NULL, 0, 0),
(48, 20, NULL, 0, 1),
(48, 21, 7, 1, 3),
(48, 24, NULL, 0, 0),
(48, 26, NULL, 0, 0),
(48, 27, NULL, 0, 0),
(48, 30, NULL, 0, 5),
(48, 31, 7, 1, 5),
(48, 32, 10, 1, 1),
(48, 34, 2, 1, 3),
(48, 35, 2, 1, 5),
(48, 37, NULL, 0, 1),
(49, 1, 10, 1, 3),
(49, 4, NULL, 0, 0),
(49, 5, NULL, 0, 4),
(49, 6, NULL, 0, 1),
(49, 8, NULL, 1, 2),
(49, 9, NULL, 0, 3),
(49, 10, 6, 1, 5),
(49, 11, 0, 1, 1),
(49, 12, NULL, 0, 0),
(49, 13, 9, 1, 4),
(49, 14, NULL, 0, 1),
(49, 15, NULL, 0, 5),
(49, 16, NULL, 0, 2),
(49, 17, 0, 1, 2),
(49, 18, NULL, 0, 3),
(49, 19, NULL, 0, 4),
(49, 20, NULL, 0, 3),
(49, 21, NULL, 0, 1),
(49, 22, NULL, 0, 4),
(49, 23, NULL, 0, 2),
(49, 24, 9, 1, 1),
(49, 25, NULL, 0, 4),
(49, 27, 3, 1, 5),
(49, 30, NULL, 0, 0),
(49, 31, NULL, 0, 5),
(49, 33, NULL, 0, 1),
(49, 34, NULL, 0, 0),
(49, 35, NULL, 0, 1),
(49, 37, NULL, 0, 0),
(49, 38, NULL, 0, 0),
(50, 2, NULL, 0, 5),
(50, 3, NULL, 0, 2),
(50, 5, NULL, 1, 1),
(50, 9, 9, 1, 4),
(50, 10, NULL, 0, 0),
(50, 11, NULL, 0, 4),
(50, 12, NULL, 0, 2),
(50, 14, NULL, 0, 3),
(50, 18, NULL, 0, 0),
(50, 21, NULL, 0, 2),
(50, 22, NULL, 0, 1),
(50, 25, NULL, 0, 1),
(50, 26, 1, 1, 5),
(50, 32, NULL, 1, 2),
(50, 33, NULL, 0, 2),
(50, 37, NULL, 0, 1),
(50, 39, NULL, 0, 5),
(51, 1, NULL, 0, 0),
(51, 2, 6, 1, 5),
(51, 3, NULL, 0, 0),
(51, 5, NULL, 0, 1),
(51, 6, 2, 1, 4),
(51, 7, NULL, 0, 0),
(51, 9, NULL, 0, 0),
(51, 10, NULL, 0, 0),
(51, 12, 2, 1, 4),
(51, 16, 1, 1, 2),
(51, 19, NULL, 0, 4),
(51, 22, 3, 1, 4),
(51, 25, NULL, 1, 4),
(51, 26, NULL, 0, 1),
(51, 27, 9, 1, 1),
(51, 28, NULL, 0, 3),
(51, 33, NULL, 0, 4),
(51, 37, NULL, 0, 2),
(51, 38, NULL, 0, 5),
(52, 3, NULL, 0, 0),
(52, 5, NULL, 0, 1),
(52, 6, NULL, 0, 0),
(52, 12, NULL, 1, 3),
(52, 16, NULL, 0, 2),
(52, 17, NULL, 0, 4),
(52, 21, NULL, 0, 0),
(52, 24, NULL, 1, 1),
(52, 25, NULL, 0, 4),
(52, 26, NULL, 0, 0),
(52, 27, 6, 1, 4),
(52, 28, NULL, 0, 0),
(52, 29, NULL, 0, 0),
(52, 30, NULL, 0, 0),
(52, 32, NULL, 0, 3),
(52, 33, NULL, 0, 0),
(52, 34, NULL, 0, 0),
(52, 35, NULL, 0, 4),
(52, 37, NULL, 0, 1),
(52, 38, NULL, 0, 0),
(53, 2, NULL, 0, 4),
(53, 5, NULL, 0, 0),
(53, 8, NULL, 0, 1),
(53, 10, NULL, 0, 4),
(53, 11, NULL, 0, 4),
(53, 12, NULL, 0, 2),
(53, 13, NULL, 0, 4),
(53, 14, NULL, 0, 4),
(53, 16, NULL, 0, 1),
(53, 17, NULL, 0, 4),
(53, 20, NULL, 0, 2),
(53, 21, NULL, 0, 3),
(53, 23, NULL, 0, 1),
(53, 24, NULL, 0, 5),
(53, 26, NULL, 0, 0),
(53, 33, NULL, 0, 1),
(53, 34, NULL, 0, 4),
(54, 1, NULL, 0, 3),
(54, 2, NULL, 0, 0),
(54, 3, NULL, 0, 0),
(54, 4, NULL, 0, 3),
(54, 5, NULL, 0, 2),
(54, 7, NULL, 0, 2),
(54, 8, NULL, 1, 4),
(54, 16, NULL, 0, 3),
(54, 17, NULL, 0, 5),
(54, 19, NULL, 0, 1),
(54, 20, 0, 1, 1),
(54, 22, 10, 1, 4),
(54, 24, NULL, 0, 5),
(54, 25, NULL, 0, 0),
(54, 27, NULL, 0, 4),
(54, 31, NULL, 0, 5),
(54, 34, NULL, 0, 2),
(55, 1, 9, 1, 3),
(55, 2, NULL, 0, 5),
(55, 3, NULL, 0, 4),
(55, 4, NULL, 0, 0),
(55, 5, NULL, 0, 1),
(55, 10, NULL, 0, 0),
(55, 11, NULL, 0, 0),
(55, 16, 7, 1, 1),
(55, 23, NULL, 0, 3),
(55, 26, NULL, 0, 0),
(55, 30, 3, 1, 2),
(55, 31, NULL, 0, 4),
(55, 33, NULL, 0, 2),
(55, 35, NULL, 0, 2),
(55, 37, NULL, 0, 1),
(56, 3, NULL, 0, 1),
(56, 4, NULL, 0, 1),
(56, 7, NULL, 0, 0),
(56, 12, NULL, 0, 0),
(56, 13, 6, 1, 3),
(56, 14, NULL, 0, 2),
(56, 17, NULL, 0, 3),
(56, 18, 2, 1, 3),
(56, 21, 9, 1, 2),
(56, 25, NULL, 0, 4),
(56, 27, NULL, 0, 0),
(56, 29, NULL, 0, 4),
(56, 33, NULL, 0, 5),
(56, 34, NULL, 0, 5),
(56, 35, NULL, 0, 1),
(56, 37, 5, 1, 3),
(57, 3, NULL, 0, 0),
(57, 5, NULL, 0, 4),
(57, 6, NULL, 0, 0),
(57, 7, NULL, 0, 0),
(57, 8, 3, 1, 4),
(57, 9, NULL, 0, 2),
(57, 10, NULL, 0, 3),
(57, 12, NULL, 0, 0),
(57, 16, NULL, 0, 3),
(57, 17, NULL, 0, 0),
(57, 22, 8, 1, 4),
(57, 27, NULL, 0, 1),
(57, 30, NULL, 0, 0),
(57, 32, NULL, 0, 0),
(57, 34, NULL, 0, 3),
(57, 35, NULL, 0, 4),
(57, 38, NULL, 0, 1),
(57, 39, NULL, 0, 3),
(58, 3, 1, 1, 4),
(58, 4, NULL, 0, 3),
(58, 5, NULL, 0, 1),
(58, 11, NULL, 1, 3),
(58, 14, NULL, 0, 4),
(58, 16, NULL, 0, 1),
(58, 18, NULL, 0, 5),
(58, 19, 7, 1, 4),
(58, 21, NULL, 0, 5),
(58, 23, NULL, 0, 4),
(58, 25, NULL, 0, 0),
(58, 26, NULL, 0, 2),
(58, 27, NULL, 0, 4),
(58, 31, NULL, 0, 1),
(58, 32, 2, 1, 1),
(58, 34, 9, 1, 1),
(58, 35, NULL, 0, 0),
(58, 37, NULL, 0, 0),
(58, 38, NULL, 1, 3),
(59, 1, NULL, 0, 4),
(59, 5, 4, 1, 4),
(59, 7, NULL, 0, 3),
(59, 8, NULL, 0, 4),
(59, 9, NULL, 0, 0),
(59, 10, NULL, 0, 2),
(59, 12, NULL, 1, 1),
(59, 13, NULL, 0, 5),
(59, 18, NULL, 0, 4),
(59, 20, NULL, 0, 1),
(59, 22, NULL, 1, 1),
(59, 23, NULL, 0, 0),
(59, 26, NULL, 0, 5),
(59, 29, NULL, 1, 2),
(59, 33, NULL, 0, 1),
(59, 37, NULL, 1, 4),
(59, 38, NULL, 0, 0),
(60, 4, NULL, 0, 0),
(60, 6, NULL, 0, 2),
(60, 8, NULL, 0, 0),
(60, 9, 1, 1, 1),
(60, 10, NULL, 0, 4),
(60, 15, NULL, 0, 3),
(60, 16, NULL, 0, 2),
(60, 17, NULL, 0, 2),
(60, 18, NULL, 0, 1),
(60, 20, NULL, 0, 2),
(60, 22, NULL, 0, 3),
(60, 26, NULL, 1, 1),
(60, 29, NULL, 0, 5),
(60, 33, NULL, 0, 4),
(60, 34, 4, 1, 5),
(60, 35, NULL, 1, 4),
(60, 36, NULL, 0, 0),
(61, 4, NULL, 0, 1),
(61, 5, NULL, 0, 4),
(61, 6, NULL, 1, 3),
(61, 11, 8, 1, 2),
(61, 13, NULL, 0, 0),
(61, 14, NULL, 0, 1),
(61, 15, NULL, 0, 1),
(61, 16, NULL, 0, 4),
(61, 17, NULL, 0, 0),
(61, 19, NULL, 0, 1),
(61, 20, 10, 1, 5),
(61, 21, NULL, 0, 5),
(61, 26, NULL, 0, 0),
(61, 27, 0, 1, 3),
(61, 34, NULL, 0, 0),
(61, 38, NULL, 0, 5),
(62, 1, NULL, 0, 4),
(62, 2, 6, 1, 1),
(62, 4, 4, 1, 2),
(62, 5, 5, 1, 2),
(62, 6, NULL, 0, 5),
(62, 7, NULL, 0, 5),
(62, 8, NULL, 0, 3),
(62, 9, 9, 1, 4),
(62, 10, 4, 1, 2),
(62, 13, NULL, 0, 2),
(62, 14, NULL, 0, 2),
(62, 15, NULL, 0, 2),
(62, 16, NULL, 0, 3),
(62, 17, NULL, 0, 5),
(62, 19, NULL, 1, 4),
(62, 21, NULL, 0, 3),
(62, 25, NULL, 0, 5),
(62, 26, NULL, 0, 0),
(62, 28, NULL, 0, 0),
(62, 30, NULL, 0, 1),
(62, 34, NULL, 0, 4),
(62, 36, NULL, 0, 5),
(63, 3, NULL, 0, 1),
(63, 5, 7, 1, 1),
(63, 6, NULL, 0, 2),
(63, 8, NULL, 0, 0),
(63, 9, NULL, 0, 0),
(63, 12, NULL, 0, 4),
(63, 14, NULL, 0, 0),
(63, 15, NULL, 0, 1),
(63, 17, 8, 1, 1),
(63, 19, NULL, 0, 1),
(63, 22, NULL, 0, 4),
(63, 26, NULL, 0, 2),
(63, 32, NULL, 0, 5),
(63, 33, 9, 1, 5),
(63, 36, NULL, 0, 0),
(64, 8, 6, 1, 5),
(64, 11, NULL, 0, 1),
(64, 13, 0, 1, 5),
(64, 15, NULL, 0, 5),
(64, 16, NULL, 0, 0),
(64, 20, NULL, 0, 5),
(64, 21, NULL, 1, 5),
(64, 23, NULL, 0, 0),
(64, 24, NULL, 0, 0),
(64, 25, NULL, 0, 5),
(64, 26, NULL, 0, 0),
(64, 29, NULL, 0, 4),
(64, 32, NULL, 0, 5),
(64, 33, NULL, 0, 1),
(64, 34, 8, 1, 2),
(64, 35, NULL, 0, 2),
(64, 39, NULL, 0, 0),
(65, 2, NULL, 0, 4),
(65, 3, NULL, 0, 4),
(65, 7, NULL, 0, 1),
(65, 8, NULL, 0, 0),
(65, 10, 8, 1, 5),
(65, 11, 4, 1, 3),
(65, 12, NULL, 0, 1),
(65, 13, NULL, 0, 3),
(65, 14, NULL, 0, 5),
(65, 17, NULL, 0, 0),
(65, 18, 4, 1, 3),
(65, 19, NULL, 0, 4),
(65, 20, 5, 1, 5),
(65, 21, NULL, 0, 4),
(65, 23, 5, 1, 1),
(65, 30, NULL, 1, 3),
(65, 36, NULL, 0, 0),
(65, 37, NULL, 1, 5),
(65, 39, 1, 1, 2),
(66, 1, 9, 1, 2),
(66, 5, 1, 1, 3),
(66, 14, 3, 1, 3),
(66, 17, NULL, 1, 2),
(66, 18, NULL, 0, 1),
(66, 19, 1, 1, 5),
(66, 20, NULL, 0, 1),
(66, 21, NULL, 0, 5),
(66, 23, NULL, 0, 0),
(66, 24, NULL, 1, 4),
(66, 25, NULL, 0, 2),
(66, 33, NULL, 0, 4),
(66, 38, NULL, 0, 0),
(66, 39, NULL, 0, 1),
(67, 1, 4, 1, 5),
(67, 3, NULL, 0, 2),
(67, 7, NULL, 0, 5),
(67, 8, NULL, 0, 3),
(67, 10, NULL, 0, 0),
(67, 11, NULL, 1, 5),
(67, 13, NULL, 0, 0),
(67, 14, NULL, 0, 3),
(67, 16, NULL, 0, 4),
(67, 20, NULL, 0, 5),
(67, 21, NULL, 0, 5),
(67, 22, 3, 1, 2),
(67, 23, NULL, 0, 5),
(67, 25, 6, 1, 4),
(67, 27, 8, 1, 2),
(67, 34, NULL, 1, 1),
(67, 36, NULL, 0, 1),
(67, 37, NULL, 0, 2),
(67, 38, NULL, 0, 0),
(67, 39, NULL, 1, 5),
(68, 2, NULL, 0, 3),
(68, 7, NULL, 0, 5),
(68, 12, NULL, 0, 3),
(68, 15, NULL, 0, 5),
(68, 16, NULL, 0, 4),
(68, 21, NULL, 0, 0),
(68, 22, NULL, 0, 0),
(68, 23, NULL, 0, 3),
(68, 24, NULL, 0, 0),
(68, 26, NULL, 0, 0),
(68, 28, 3, 1, 4),
(68, 29, NULL, 0, 2),
(68, 30, NULL, 0, 4),
(68, 31, 6, 1, 5),
(68, 33, NULL, 0, 1),
(68, 37, 9, 1, 3),
(68, 38, 5, 1, 5),
(68, 39, NULL, 1, 4),
(69, 2, NULL, 0, 0),
(69, 4, NULL, 0, 5),
(69, 6, NULL, 0, 0),
(69, 7, 6, 1, 1),
(69, 10, NULL, 0, 0),
(69, 11, NULL, 0, 1),
(69, 12, NULL, 0, 1),
(69, 14, NULL, 0, 4),
(69, 19, NULL, 0, 2),
(69, 20, NULL, 1, 5),
(69, 21, 8, 1, 4),
(69, 25, NULL, 0, 1),
(69, 26, NULL, 0, 2),
(69, 27, NULL, 0, 0),
(69, 31, NULL, 0, 0),
(69, 33, NULL, 0, 0),
(69, 39, NULL, 0, 5),
(70, 1, 8, 1, 1),
(70, 6, NULL, 0, 1),
(70, 7, NULL, 0, 2),
(70, 10, 9, 1, 2),
(70, 14, NULL, 0, 4),
(70, 19, NULL, 0, 1),
(70, 21, NULL, 0, 0),
(70, 23, NULL, 0, 2),
(70, 26, 9, 1, 2),
(70, 32, NULL, 0, 1),
(70, 37, NULL, 0, 4),
(70, 38, NULL, 0, 0),
(71, 6, NULL, 0, 1),
(71, 7, NULL, 0, 4),
(71, 8, NULL, 0, 0),
(71, 11, NULL, 0, 0),
(71, 12, NULL, 0, 0),
(71, 13, NULL, 0, 3),
(71, 19, NULL, 1, 5),
(71, 20, NULL, 0, 0),
(71, 21, 2, 1, 1),
(71, 23, NULL, 0, 4),
(71, 24, NULL, 0, 1),
(71, 26, NULL, 0, 5),
(71, 27, NULL, 0, 5),
(71, 30, NULL, 0, 0),
(71, 31, 4, 1, 5),
(71, 32, NULL, 0, 0),
(71, 34, NULL, 0, 5),
(71, 37, NULL, 0, 4),
(71, 38, NULL, 0, 0),
(71, 39, NULL, 1, 2),
(72, 4, NULL, 0, 3),
(72, 5, 0, 1, 4),
(72, 7, NULL, 0, 2),
(72, 8, NULL, 0, 0),
(72, 11, 0, 1, 2),
(72, 12, NULL, 0, 2),
(72, 13, NULL, 0, 2),
(72, 14, NULL, 1, 5),
(72, 22, NULL, 0, 0),
(72, 24, 2, 1, 2),
(72, 27, NULL, 1, 1),
(72, 30, NULL, 0, 5),
(72, 31, NULL, 0, 4),
(72, 32, 4, 1, 5),
(72, 33, NULL, 0, 5),
(72, 35, NULL, 0, 5),
(72, 37, NULL, 0, 2),
(73, 2, NULL, 0, 0),
(73, 3, NULL, 0, 3),
(73, 4, NULL, 1, 4),
(73, 7, NULL, 1, 2),
(73, 10, NULL, 1, 4),
(73, 11, NULL, 0, 5),
(73, 14, 4, 1, 2),
(73, 18, 6, 1, 3),
(73, 21, 2, 1, 5),
(73, 22, 7, 1, 5),
(73, 23, NULL, 0, 0),
(73, 31, NULL, 1, 1),
(73, 33, NULL, 0, 0),
(73, 37, NULL, 0, 4),
(73, 39, NULL, 0, 4),
(74, 2, NULL, 0, 1),
(74, 5, NULL, 0, 3),
(74, 8, 0, 1, 4),
(74, 9, NULL, 0, 3),
(74, 11, NULL, 0, 3),
(74, 15, NULL, 0, 0),
(74, 19, NULL, 0, 4),
(74, 20, NULL, 0, 0),
(74, 21, NULL, 0, 1),
(74, 22, NULL, 0, 1),
(74, 24, NULL, 0, 0),
(74, 25, NULL, 1, 5),
(74, 32, NULL, 0, 2),
(74, 34, NULL, 0, 0),
(74, 36, NULL, 0, 4),
(75, 3, NULL, 0, 5),
(75, 4, NULL, 0, 0),
(75, 6, NULL, 0, 0),
(75, 11, NULL, 0, 1),
(75, 16, 9, 1, 1),
(75, 17, NULL, 0, 0),
(75, 20, NULL, 0, 2),
(75, 22, NULL, 1, 5),
(75, 23, 3, 1, 2),
(75, 24, NULL, 0, 1),
(75, 28, NULL, 1, 4),
(75, 35, NULL, 0, 3),
(76, 2, NULL, 0, 0),
(76, 3, NULL, 0, 2),
(76, 5, NULL, 0, 3),
(76, 6, NULL, 0, 3),
(76, 9, NULL, 0, 0),
(76, 10, NULL, 0, 0),
(76, 11, NULL, 1, 1),
(76, 12, NULL, 0, 4),
(76, 13, 4, 1, 2),
(76, 17, NULL, 0, 1),
(76, 19, NULL, 1, 4),
(76, 20, 5, 1, 4),
(76, 22, NULL, 0, 1),
(76, 24, NULL, 0, 0),
(76, 26, NULL, 0, 5),
(76, 29, 4, 1, 1),
(76, 33, NULL, 0, 3),
(76, 38, NULL, 1, 3),
(76, 39, NULL, 0, 3),
(77, 2, NULL, 0, 0),
(77, 5, NULL, 0, 0),
(77, 7, NULL, 1, 2),
(77, 9, 4, 1, 5),
(77, 12, NULL, 1, 1),
(77, 14, NULL, 0, 3),
(77, 16, NULL, 0, 4),
(77, 17, NULL, 0, 3),
(77, 19, NULL, 1, 3),
(77, 21, 4, 1, 1),
(77, 22, NULL, 0, 1),
(77, 25, NULL, 0, 4),
(77, 27, NULL, 1, 1),
(77, 28, NULL, 0, 4),
(77, 29, NULL, 0, 5),
(77, 30, NULL, 0, 5),
(77, 32, NULL, 0, 0),
(77, 34, NULL, 0, 2),
(77, 35, NULL, 0, 4),
(77, 36, 4, 1, 5),
(77, 38, 4, 1, 1),
(78, 1, NULL, 0, 5),
(78, 2, NULL, 0, 2),
(78, 3, 1, 1, 5),
(78, 5, 5, 1, 2),
(78, 6, NULL, 0, 1),
(78, 7, NULL, 0, 5),
(78, 11, NULL, 0, 3),
(78, 12, NULL, 0, 2),
(78, 13, NULL, 1, 5),
(78, 14, NULL, 1, 2),
(78, 15, NULL, 0, 1),
(78, 16, NULL, 0, 2),
(78, 17, NULL, 0, 4),
(78, 20, NULL, 0, 4),
(78, 24, NULL, 0, 2),
(78, 28, NULL, 0, 0),
(78, 29, NULL, 0, 5),
(78, 31, NULL, 0, 5),
(78, 32, 4, 1, 1),
(78, 34, NULL, 1, 2),
(78, 37, NULL, 0, 2),
(78, 38, NULL, 1, 1),
(78, 39, NULL, 0, 5);

-- --------------------------------------------------------

--
-- Structure de la vue `profil_score_utilisateur`
--
DROP TABLE IF EXISTS `profil_score_utilisateur`;

CREATE ALGORITHM=UNDEFINED DEFINER=`root`@`localhost` SQL SECURITY DEFINER VIEW `profil_score_utilisateur` AS select `sc_ip`.`id_1` AS `utilisateur_a_id`,ifnull(ifnull(`sc_int`.`id_2`,`sc_ip`.`id_2`),`sc_age`.`id_2`) AS `utilisateur_b_id`,round(((ifnull(`sc_ip`.`score`,0) + ifnull(`sc_int`.`score`,0)) + ifnull(`sc_age`.`score`,0)),0) AS `score` from ((`score_utilisateurs_ip` `sc_ip` left join `score_utilisateurs_interet` `sc_int` on(((`sc_ip`.`id_1` = `sc_int`.`id_1`) and (`sc_ip`.`id_2` = `sc_int`.`id_2`)))) left join `score_utilisateurs_age` `sc_age` on(((`sc_ip`.`id_1` = `sc_age`.`id_1`) and (`sc_ip`.`id_2` = `sc_age`.`id_2`))));

-- --------------------------------------------------------

--
-- Structure de la vue `profil_score_utilisateur_produit`
--
DROP TABLE IF EXISTS `profil_score_utilisateur_produit`;

CREATE ALGORITHM=UNDEFINED DEFINER=`root`@`localhost` SQL SECURITY DEFINER VIEW `profil_score_utilisateur_produit` AS select `utilisateur_produit`.`utilisateur_id` AS `utilisateur_id`,`utilisateur_produit`.`produit_id` AS `produit_id`,ifnull(`utilisateur_produit`.`note`,if((`utilisateur_produit`.`achat` = 0),least(`utilisateur_produit`.`nombre_visite`,4),6)) AS `score` from `utilisateur_produit`;

-- --------------------------------------------------------

--
-- Structure de la vue `score_mot_produit`
--
DROP TABLE IF EXISTS `score_mot_produit`;

CREATE ALGORITHM=UNDEFINED DEFINER=`root`@`localhost` SQL SECURITY DEFINER VIEW `score_mot_produit` AS select `produit_mot_poids`.`mot_id` AS `mot_id`,`produit_mot_poids`.`produit_id` AS `produit_id`,`score_mot_produit`(`produit_mot_poids`.`poids`,`produit_mot_poids`.`produit_id`,1.2,0.75,`produit_mot_poids`.`mot_id`) AS `score` from `produit_mot_poids`;

-- --------------------------------------------------------

--
-- Structure de la vue `score_utilisateurs_age`
--
DROP TABLE IF EXISTS `score_utilisateurs_age`;

CREATE ALGORITHM=UNDEFINED DEFINER=`root`@`localhost` SQL SECURITY DEFINER VIEW `score_utilisateurs_age` AS select `u1`.`id` AS `id_1`,`u2`.`id` AS `id_2`,`score_age_utilisateurs`(`u1`.`id`,`u2`.`id`) AS `score` from (`utilisateur` `u1` join `utilisateur` `u2` on((`u1`.`id` < `u2`.`id`)));

-- --------------------------------------------------------

--
-- Structure de la vue `score_utilisateurs_interet`
--
DROP TABLE IF EXISTS `score_utilisateurs_interet`;

CREATE ALGORITHM=UNDEFINED DEFINER=`root`@`localhost` SQL SECURITY DEFINER VIEW `score_utilisateurs_interet` AS select `u1`.`utilisateur_id` AS `id_1`,`u2`.`utilisateur_id` AS `id_2`,sum(sqrt((10 - abs((`u1`.`valeur` - `u2`.`valeur`))))) AS `score` from (`utilisateur_interet` `u1` join `utilisateur_interet` `u2` on((`u1`.`utilisateur_id` < `u2`.`utilisateur_id`))) where (`u1`.`interet_id` = `u2`.`interet_id`) group by `id_1`,`id_2`;

-- --------------------------------------------------------

--
-- Structure de la vue `score_utilisateurs_ip`
--
DROP TABLE IF EXISTS `score_utilisateurs_ip`;

CREATE ALGORITHM=UNDEFINED DEFINER=`root`@`localhost` SQL SECURITY DEFINER VIEW `score_utilisateurs_ip` AS select `u1`.`id` AS `id_1`,`u2`.`id` AS `id_2`,`score_ip_utilisateurs`(`u1`.`id`,`u2`.`id`) AS `score` from (`utilisateur` `u1` join `utilisateur` `u2` on((`u1`.`id` < `u2`.`id`)));

--
-- Contraintes pour les tables exportées
--

--
-- Contraintes pour la table `produit_mot_poids`
--
ALTER TABLE `produit_mot_poids`
  ADD CONSTRAINT `produit_mot_poids_FK_1` FOREIGN KEY (`mot_id`) REFERENCES `mot` (`id`),
  ADD CONSTRAINT `produit_mot_poids_FK_2` FOREIGN KEY (`produit_id`) REFERENCES `produit` (`id`);

--
-- Contraintes pour la table `requete`
--
ALTER TABLE `requete`
  ADD CONSTRAINT `requete_FK_1` FOREIGN KEY (`mot_id`) REFERENCES `mot` (`id`),
  ADD CONSTRAINT `requete_FK_2` FOREIGN KEY (`utilisateur_id`) REFERENCES `utilisateur` (`id`);

--
-- Contraintes pour la table `utilisateur`
--
ALTER TABLE `utilisateur`
  ADD CONSTRAINT `utilisateur_FK_1` FOREIGN KEY (`ip_id`) REFERENCES `ip` (`id`);

--
-- Contraintes pour la table `utilisateur_interet`
--
ALTER TABLE `utilisateur_interet`
  ADD CONSTRAINT `utilisateur_interet_FK_1` FOREIGN KEY (`interet_id`) REFERENCES `interet` (`id`),
  ADD CONSTRAINT `utilisateur_interet_FK_2` FOREIGN KEY (`utilisateur_id`) REFERENCES `utilisateur` (`id`);

--
-- Contraintes pour la table `utilisateur_produit`
--
ALTER TABLE `utilisateur_produit`
  ADD CONSTRAINT `utilisateur_produit_FK_1` FOREIGN KEY (`produit_id`) REFERENCES `produit` (`id`),
  ADD CONSTRAINT `utilisateur_produit_FK_2` FOREIGN KEY (`utilisateur_id`) REFERENCES `utilisateur` (`id`);

/*!40101 SET CHARACTER_SET_CLIENT=@OLD_CHARACTER_SET_CLIENT */;
/*!40101 SET CHARACTER_SET_RESULTS=@OLD_CHARACTER_SET_RESULTS */;
/*!40101 SET COLLATION_CONNECTION=@OLD_COLLATION_CONNECTION */;
